CREATE DATABASE  IF NOT EXISTS `gym_membership_db` /*!40100 DEFAULT CHARACTER SET utf8mb3 */ /*!80016 DEFAULT ENCRYPTION='N' */;
USE `gym_membership_db`;
-- MySQL dump 10.13  Distrib 8.0.44, for macos15 (arm64)
--
-- Host: 127.0.0.1    Database: gym_membership_db
-- ------------------------------------------------------
-- Server version	9.4.0

/*!40101 SET @OLD_CHARACTER_SET_CLIENT=@@CHARACTER_SET_CLIENT */;
/*!40101 SET @OLD_CHARACTER_SET_RESULTS=@@CHARACTER_SET_RESULTS */;
/*!40101 SET @OLD_COLLATION_CONNECTION=@@COLLATION_CONNECTION */;
/*!50503 SET NAMES utf8 */;
/*!40103 SET @OLD_TIME_ZONE=@@TIME_ZONE */;
/*!40103 SET TIME_ZONE='+00:00' */;
/*!40014 SET @OLD_UNIQUE_CHECKS=@@UNIQUE_CHECKS, UNIQUE_CHECKS=0 */;
/*!40014 SET @OLD_FOREIGN_KEY_CHECKS=@@FOREIGN_KEY_CHECKS, FOREIGN_KEY_CHECKS=0 */;
/*!40101 SET @OLD_SQL_MODE=@@SQL_MODE, SQL_MODE='NO_AUTO_VALUE_ON_ZERO' */;
/*!40111 SET @OLD_SQL_NOTES=@@SQL_NOTES, SQL_NOTES=0 */;

--
-- Table structure for table `BioMetrics`
--

DROP TABLE IF EXISTS `BioMetrics`;
/*!40101 SET @saved_cs_client     = @@character_set_client */;
/*!50503 SET character_set_client = utf8mb4 */;
CREATE TABLE `BioMetrics` (
  `Biometric_id` int NOT NULL,
  `Member_id` int NOT NULL,
  `Weight_kg` float NOT NULL,
  `Height_m` float NOT NULL,
  `Fat_Percentage` float NOT NULL,
  `Water_Intake_litres` float NOT NULL,
  `BMI` float NOT NULL,
  PRIMARY KEY (`Biometric_id`),
  KEY `fk_BioMetrics_Members1_idx` (`Member_id`),
  CONSTRAINT `fk_BioMetrics_Members1` FOREIGN KEY (`Member_id`) REFERENCES `Members` (`Member_id`)
) ENGINE=InnoDB DEFAULT CHARSET=utf8mb3;
/*!40101 SET character_set_client = @saved_cs_client */;

--
-- Dumping data for table `BioMetrics`
--

LOCK TABLES `BioMetrics` WRITE;
/*!40000 ALTER TABLE `BioMetrics` DISABLE KEYS */;
INSERT INTO `BioMetrics` VALUES (1,1,88.3,1.71,12.6,3.5,30.2),(2,2,74.9,1.53,33.9,2.1,32),(3,3,68.1,1.66,33.4,2.3,24.71),(4,4,53.2,1.7,28.8,2.1,18.41),(5,5,46.1,1.79,29.2,2.8,14.39),(6,6,58,1.68,15.5,2.7,20.55),(7,7,70.3,1.72,21.3,2.3,23.76),(8,8,69.7,1.51,30.6,1.9,30.57),(9,9,121.7,1.94,28.9,2.6,32.34),(10,10,101.8,1.84,29.7,2.7,30.07),(11,11,120.8,1.67,20.5,3,43.31),(12,12,51.7,1.7,23.6,3.5,17.89),(13,13,112.5,1.61,22.1,2.7,43.4),(14,14,94.5,2,27.6,3.7,23.62),(15,15,117.7,1.81,26.4,3.3,35.93),(16,16,42.5,1.75,26.2,2.1,13.88),(17,17,64,1.53,29.8,2.3,27.34),(18,18,43.8,1.77,31.9,1.6,13.98),(19,19,66.8,1.75,32.8,2.5,21.81),(20,20,75.2,1.67,25.2,2.2,26.96),(21,21,89,1.77,28.9,3.7,28.41),(22,22,71.9,1.77,25.7,3.1,22.95),(23,23,71,1.68,33.1,2.5,25.16),(24,24,120.9,1.78,28.1,3.4,38.16),(25,25,64.3,1.69,26.9,1.9,22.51),(26,26,63.7,1.71,26.1,1.8,21.78),(27,27,65.2,1.8,27.2,2.7,20.12),(28,28,53.9,1.75,21.6,2.8,17.6),(29,29,84.9,1.86,14.2,3.5,24.54),(30,30,78,1.68,32.3,1.8,27.64),(31,31,108.2,1.8,28.4,3.5,33.4),(32,32,65.4,1.52,28,2.2,28.31),(33,33,50.2,1.61,28.2,2.7,19.37),(34,34,58.9,1.51,31.7,2.5,25.83),(35,35,81.4,1.71,10.2,3.5,27.84),(36,36,127.6,1.73,27.3,2.9,42.63),(37,37,59.3,1.56,33.4,2.6,24.37),(38,38,96.9,1.71,24.2,2.9,33.14),(39,39,62.6,1.81,27.6,3.5,19.11),(40,40,45.5,1.6,21.7,2.6,17.77),(41,41,48.8,1.51,28.2,2,21.4),(42,42,44.3,1.6,34.7,2,17.3),(43,43,113.2,1.83,29.9,2.9,33.8),(44,44,60.5,1.59,30.1,2.2,23.93),(45,45,124.2,1.76,29.3,2.8,40.1),(46,46,52.4,1.85,25.2,2.5,15.31),(47,47,54.7,1.74,22.9,3.6,18.07),(48,48,88.1,1.95,22.7,3,23.17),(49,49,59.7,1.71,34.3,2,20.42),(50,50,79.7,1.54,26.7,2.3,33.61),(51,51,51,1.62,30.8,2.4,19.43),(52,52,84.2,1.76,12.8,3.5,27.18),(53,53,122.1,1.89,27.4,3.6,34.18),(54,54,96.7,1.72,25,2.8,32.69),(55,55,73,1.79,27.7,1.6,22.78),(56,56,114.8,1.6,21.7,2.7,44.84),(57,57,65.5,1.52,31.2,2.1,28.35),(58,58,50.3,1.52,32.2,2.6,21.77),(59,59,61,1.71,17.8,2.7,20.86),(60,60,44.6,1.62,32.4,2,16.99),(61,61,58.2,1.61,26.4,2.6,22.45),(62,62,44.8,1.63,33.8,2.1,16.86),(63,63,87.5,1.63,12.9,3.5,32.93),(64,64,51.8,1.74,21.3,3.7,17.11),(65,65,64.4,1.7,17.3,2.7,22.28),(66,66,67.1,1.61,33.4,1.5,25.89),(67,67,85.9,1.6,14.5,3.5,33.55),(68,68,65.4,1.77,27.6,2.6,20.88),(69,69,61.1,1.76,18.6,2.7,19.72),(70,70,106.5,1.65,21,3.6,39.12),(71,71,64,1.52,15.2,2.7,27.7),(72,72,61.4,1.54,30.6,2.7,25.89),(73,73,40.5,1.63,31.9,1.5,15.24),(74,74,70.1,1.79,28,2.3,21.88),(75,75,94.1,1.62,23.4,3.1,35.86),(76,76,55.5,1.82,20.1,2,16.76),(77,77,53.7,1.72,29.8,1.6,18.15),(78,78,66.1,1.75,25.2,1.8,21.58),(79,79,103.9,1.77,20.9,2.9,33.16),(80,80,61.7,1.58,16.6,2.7,24.72),(81,81,52.3,1.74,29.4,2.2,17.27),(82,82,59.5,1.74,16.4,2.7,19.65),(83,83,72.9,1.76,30.8,1.5,23.53),(84,84,76.7,1.63,25.6,1.7,28.87),(85,85,72.1,1.83,21.4,2.8,21.53),(86,86,54.8,1.68,32,2.2,19.42),(87,87,105,1.88,21.4,2.3,29.71),(88,88,55,1.55,31.4,2,22.89),(89,89,81.6,1.66,20.5,3.5,29.61),(90,90,75.6,1.6,29.1,2.7,29.53),(91,91,81.5,1.61,10.9,3.5,31.44),(92,92,61.5,1.69,15.5,2.7,21.53),(93,93,74,1.63,25.7,3.7,27.85),(94,94,56.4,1.59,34.3,2.6,22.31),(95,95,102.6,1.84,20.5,2.7,30.3),(96,96,54.6,1.57,29.2,2.3,22.15),(97,97,129,1.78,27.1,2.7,40.71),(98,98,103.5,1.66,24.6,3.1,37.56),(99,99,59.4,1.51,33.1,1.9,26.05),(100,100,60.1,1.79,15.9,2.7,18.76),(101,101,77.7,1.62,29.6,3,29.61),(102,102,41.2,1.62,28.9,2.1,15.7),(103,103,58.6,1.61,23.4,2,22.61),(104,104,109.3,1.78,28.7,3.3,34.5),(105,105,69.6,1.96,25.6,2,18.12),(106,106,56.2,1.79,17.6,2.7,17.54),(107,107,71.7,1.96,27.3,2.5,18.66),(108,108,86,1.93,12.9,3.5,23.09),(109,109,79.4,1.59,26.6,1.5,31.41),(110,110,78.4,1.62,31.7,2,29.87),(111,111,55.4,1.6,26.3,1.6,21.64),(112,112,61.7,1.55,33.1,2.6,25.68),(113,113,85.5,1.82,14.9,3.5,25.81),(114,114,87.6,1.93,11.9,3.5,23.52),(115,115,82.4,1.72,24.4,2.7,27.85),(116,116,67,1.68,20.5,2.8,23.74),(117,117,42.3,1.6,25.1,1.9,16.52),(118,118,82.7,1.99,14.6,3.5,20.88),(119,119,92.4,1.74,21.3,3.1,30.52),(120,120,63.2,1.54,29.5,2.4,26.65),(121,121,82.7,1.85,28.2,3.1,24.16),(122,122,86.6,1.76,28.9,3.3,27.96),(123,123,129.5,1.95,25.2,3.5,34.06),(124,124,98,1.83,25.7,3.5,29.26),(125,125,86.2,1.68,13.3,3.5,30.54),(126,126,78.6,1.62,29.6,3.1,29.95),(127,127,59,1.66,31,1.8,21.41),(128,128,57.3,1.79,17.8,2.7,17.88),(129,129,122.3,1.89,20.1,3.1,34.24),(130,130,85.3,1.95,10.4,3.5,22.43),(131,131,45.2,1.74,30.8,2.1,14.93),(132,132,55.6,1.92,29.4,3.2,15.08),(133,133,82.8,1.95,14.3,3.5,21.78),(134,134,125.2,1.66,29.8,3.4,45.43),(135,135,58.5,1.79,30.3,2.4,18.26),(136,136,86.1,1.95,27.9,3.4,22.64),(137,137,63.5,1.61,33.4,1.6,24.5),(138,138,69.3,1.68,26.5,2.1,24.55),(139,139,70.5,1.62,28.4,1.8,26.86),(140,140,60.1,1.65,17.3,2.7,22.08),(141,141,94.1,1.95,28.6,3.5,24.75),(142,142,79.2,1.62,28,2.5,30.18),(143,143,115.3,1.91,29.2,3.2,31.61),(144,144,62.9,1.79,27.3,2.3,19.63),(145,145,62,1.64,27.5,3.2,23.05),(146,146,88.5,1.78,13.2,3.5,27.93),(147,147,73.9,1.77,32.5,2.6,23.59),(148,148,50.3,1.95,24.4,3.4,13.23),(149,149,83.1,1.8,29.3,3.1,25.65),(150,150,65.1,1.78,31.3,2.3,20.55),(151,151,46.6,1.79,22.9,2.4,14.54),(152,152,103.5,1.89,26.4,3.1,28.97),(153,153,61.9,1.54,16.4,2.7,26.1),(154,154,52,1.61,27.9,2,20.06),(155,155,113.4,1.71,24,2.3,38.78),(156,156,62.9,1.98,28.5,3.4,16.04),(157,157,40.4,1.8,30,2.1,12.47),(158,158,67.1,1.75,31.8,2.7,21.91),(159,159,70,1.61,23.9,2.5,27.01),(160,160,69.5,1.75,27.6,2.1,22.69),(161,161,107.9,1.66,29.5,2.8,39.16),(162,162,109,1.91,26,2.2,29.88),(163,163,101,1.91,29.3,2.7,27.69),(164,164,88.5,1.85,11,3.5,25.86),(165,165,80.9,1.8,10.7,3.5,24.97),(166,166,43.1,1.62,33.6,1.8,16.42),(167,167,59.1,1.52,18.4,2.7,25.58),(168,168,54,1.53,26.9,1.7,23.07),(169,169,72.3,1.78,27.7,1.8,22.82),(170,170,51.1,1.98,28,2.4,13.03),(171,171,89.4,1.72,24.5,3.2,30.22),(172,172,51.5,1.8,26.7,2.1,15.9),(173,173,87.9,1.88,11.6,3.5,24.87),(174,174,42,1.52,28.8,2.2,18.18),(175,175,79.2,1.72,29.9,3.3,26.77),(176,176,64.8,1.71,22.5,2.8,22.16),(177,177,63,1.78,17.5,2.7,19.88),(178,178,56.2,1.77,33.4,2.6,17.94),(179,179,52.9,1.64,27.4,2.3,19.67),(180,180,49,1.69,29.2,2.4,17.16),(181,181,128.2,1.84,26.2,2.3,37.87),(182,182,83.6,1.86,12.4,3.5,24.16),(183,183,56.2,1.77,17.3,2.7,17.94),(184,184,87.8,1.78,23.6,3.3,27.71),(185,185,85.9,1.85,12.9,3.5,25.1),(186,186,51.1,1.87,26.2,3.4,14.61),(187,187,57.4,1.71,18.3,2.7,19.63),(188,188,114.9,1.92,20.7,2.6,31.17),(189,189,62.1,1.66,31.3,1.8,22.54),(190,190,57.1,1.91,29.5,2.7,15.65),(191,191,68.1,1.8,25.4,3.3,21.02),(192,192,69.2,1.65,27.2,2.7,25.42),(193,193,65.2,1.52,30.6,2.4,28.22),(194,194,108.6,1.73,28.5,2.2,36.29),(195,195,40,1.65,34.3,2.5,14.69),(196,196,41.9,1.58,26.8,1.8,16.78),(197,197,68.3,1.52,29.4,1.8,29.56),(198,198,88.4,1.6,12,3.5,34.53),(199,199,66,1.9,24.1,3,18.28),(200,200,71.9,1.64,21.3,2.1,26.73),(201,201,75.6,1.71,28.1,2,25.85),(202,202,63.4,1.59,15.2,2.7,25.08),(203,203,71.6,1.77,30.3,1.8,22.85),(204,204,57.4,1.77,31.6,2.1,18.32),(205,205,83.8,1.99,11,3.5,21.16),(206,206,55.9,1.71,19.5,2.7,19.12),(207,207,87,1.76,28.4,3.5,28.09),(208,208,65.3,1.71,29.7,2.5,22.33),(209,209,45.4,1.67,24.1,2.8,16.28),(210,210,87.1,1.87,11.2,3.5,24.91),(211,211,78.6,1.73,32.3,1.5,26.26),(212,212,78,1.71,26.3,2.1,26.67),(213,213,58,1.53,18.4,2.7,24.78),(214,214,71.3,1.69,33.4,2.3,24.96),(215,215,49.1,1.74,22.3,2.6,16.22),(216,216,78.3,1.65,33.7,1.6,28.76),(217,217,57.3,1.64,25.3,1.8,21.3),(218,218,48.4,1.61,34.1,2.4,18.67),(219,219,76.4,1.62,21.2,2.6,29.11),(220,220,110.2,1.77,26.5,3.4,35.18),(221,221,72.9,1.76,27.5,1.9,23.53),(222,222,82.1,1.86,14.2,3.5,23.73),(223,223,58.9,1.76,30.1,1.7,19.01),(224,224,82.2,1.87,10.7,3.5,23.51),(225,225,96.7,1.72,25.7,2.7,32.69),(226,226,81.4,1.86,12,3.5,23.53),(227,227,107.8,1.73,26.6,2.8,36.02),(228,228,65.8,1.62,33.8,1.5,25.07),(229,229,68.5,1.56,29.1,1.6,28.15),(230,230,63.9,1.59,16.4,2.7,25.28),(231,231,76.3,1.62,20.1,2.3,29.07),(232,232,44.5,1.65,30.7,1.6,16.35),(233,233,50.7,1.75,29,1.9,16.56),(234,234,55.1,1.61,16.9,2.7,21.26),(235,235,73.7,1.61,21.8,3.6,28.43),(236,236,55.6,1.77,24.3,2.9,17.75),(237,237,86.9,1.76,29.8,3.1,28.05),(238,238,60.3,1.68,16.5,2.7,21.36),(239,239,40.4,1.64,31,1.9,15.02),(240,240,78.5,1.66,32.8,1.9,28.49),(241,241,102.6,1.72,27.5,2,34.68),(242,242,110.8,1.91,23.3,2.9,30.37),(243,243,60.9,1.79,31.1,2.1,19.01),(244,244,55.7,1.61,28.7,2.3,21.49),(245,245,110.5,1.92,20.2,3.3,29.98),(246,246,55.2,1.71,24.4,2.8,18.88),(247,247,46.5,1.72,22.2,2.6,15.72),(248,248,70.9,1.66,28.9,1.7,25.73),(249,249,74.6,1.75,24.2,2.9,24.36),(250,250,45.1,1.72,27.5,3.3,15.24),(251,251,99.9,1.99,20.9,2.5,25.23),(252,252,117,1.61,25.1,2.4,45.14),(253,253,75.9,1.73,30.6,2.1,25.36),(254,254,71.2,1.64,29.9,1.7,26.47),(255,255,78.8,1.72,27.3,3.1,26.64),(256,256,50.6,1.69,23.8,3,17.72),(257,257,82.5,1.79,14.7,3.5,25.75),(258,258,108.5,1.79,24.8,2.1,33.86),(259,259,49.9,1.98,25.7,2.1,12.73),(260,260,125.1,1.91,28.3,3.1,34.29),(261,261,79.7,1.66,27.8,1.9,28.92),(262,262,126.8,1.63,20.8,2.1,47.72),(263,263,54.6,1.57,32.1,2.4,22.15),(264,264,47.8,1.54,29.8,1.9,20.16),(265,265,97.9,1.91,29,2.8,26.84),(266,266,63.1,1.54,34.8,1.8,26.61),(267,267,72.4,1.69,29,2.3,25.35),(268,268,58.9,1.7,17.1,2.7,20.38),(269,269,50.4,1.6,29.1,1.9,19.69),(270,270,64.2,1.59,16.6,2.7,25.39),(271,271,58.8,1.77,32.8,2.7,18.77),(272,272,105.2,1.62,27.6,3.2,40.09),(273,273,45.9,1.5,29.8,1.7,20.4),(274,274,65.2,1.63,25.4,2,24.54),(275,275,56.3,1.79,16.5,2.7,17.57),(276,276,90,1.7,22.9,2.7,31.14),(277,277,60,1.7,19.1,2.7,20.76),(278,278,51.5,1.71,20.9,2.9,17.61),(279,279,63.1,1.64,19,2.7,23.46),(280,280,91.5,1.77,26.7,3.4,29.21),(281,281,48.7,1.67,27.3,3,17.46),(282,282,57.8,1.56,29.3,1.6,23.75),(283,283,42,1.75,31.8,2.3,13.71),(284,284,128.4,1.92,26.1,2,34.83),(285,285,74.2,1.57,32.7,2.4,30.1),(286,286,89.6,1.68,12.2,3.5,31.75),(287,287,125.9,2,24.7,3.1,31.48),(288,288,105.5,1.99,26.4,2.5,26.64),(289,289,93.4,1.7,21.1,2.5,32.32),(290,290,82.1,1.84,24.4,3.4,24.25),(291,291,42.9,1.69,34.7,2.4,15.02),(292,292,128.4,1.68,20.4,2.6,45.49),(293,293,112.4,1.96,23.2,2.5,29.26),(294,294,77.7,1.79,28.1,2.2,24.25),(295,295,89.3,1.99,26.3,2,22.55),(296,296,70.3,1.55,26.1,1.6,29.26),(297,297,59.1,1.72,31.3,1.7,19.98),(298,298,49.9,1.69,26,1.7,17.47),(299,299,101.7,1.67,20.9,2.9,36.47),(300,300,93,1.91,27.3,3.7,25.49),(301,301,87.4,1.6,23.2,3.1,34.14),(302,302,55.1,1.61,19.9,2.7,21.26),(303,303,123.7,1.69,20.4,2.1,43.31),(304,304,61.3,1.57,17.2,2.7,24.87),(305,305,72.3,1.94,21.1,2.9,19.21),(306,306,69.2,1.53,28.5,2.1,29.56),(307,307,81.4,1.61,30,2.2,31.4),(308,308,84.8,1.86,14.4,3.5,24.51),(309,309,55.1,1.72,20.5,3.6,18.62),(310,310,59,1.78,17.8,2.7,18.62),(311,311,64.9,1.51,18.2,2.7,28.46),(312,312,109.7,1.75,22.1,2.7,35.82),(313,313,78.4,1.9,21.5,3.7,21.72),(314,314,76.7,1.79,34,2,23.94),(315,315,63.1,1.61,34.7,2.2,24.34),(316,316,62.9,1.58,20,2.7,25.2),(317,317,85.6,1.74,13.9,3.5,28.27),(318,318,66.3,1.57,31.6,1.6,26.9),(319,319,61.3,1.97,23.5,2.8,15.8),(320,320,44.1,1.65,26.7,1.8,16.2),(321,321,63.8,1.62,20.8,3.4,24.31),(322,322,55.4,1.55,18.5,2.7,23.06),(323,323,74.7,1.58,32.8,2.4,29.92),(324,324,78,1.67,33.3,2.5,27.97),(325,325,57.5,1.67,34.1,2.4,20.62),(326,326,60.7,1.73,33.8,2.5,20.28),(327,327,69,1.74,30,2.3,22.79),(328,328,75.8,1.78,27.4,2,23.92),(329,329,75.7,1.63,32.6,2.3,28.49),(330,330,71.2,1.64,30.9,2.3,26.47),(331,331,85,1.68,11.3,3.5,30.12),(332,332,63.6,1.56,34.8,2.4,26.13),(333,333,73.2,1.94,29,2.4,19.45),(334,334,48.3,1.52,26.3,1.6,20.91),(335,335,42.8,1.78,25.3,2.6,13.51),(336,336,88.1,1.76,26.9,3,28.44),(337,337,72.4,1.75,31,1.7,23.64),(338,338,73.2,1.88,29.4,3.3,20.71),(339,339,110.5,1.86,22.3,3.6,31.94),(340,340,46.1,1.76,25.8,1.7,14.88),(341,341,90.8,1.71,22.6,3.4,31.05),(342,342,59.3,1.51,15.1,2.7,26.01),(343,343,45.1,1.73,25.4,2.6,15.07),(344,344,45,1.77,29.1,3.6,14.36),(345,345,89.4,1.62,23.5,3.6,34.06),(346,346,127.7,1.69,24.1,2.9,44.71),(347,347,70.9,1.72,20.2,2.6,23.97),(348,348,49.2,1.5,27.7,1.5,21.87),(349,349,62.3,1.79,19,2.7,19.44),(350,350,64.1,1.87,26.2,2.1,18.33),(351,351,69.7,1.75,32.5,2,22.76),(352,352,56.9,1.59,29.5,2,22.51),(353,353,53,1.71,28.1,1.7,18.13),(354,354,72.7,1.55,29.8,2,30.26),(355,355,76.5,1.96,23.2,2.3,19.91),(356,356,113.6,1.99,28.4,3.4,28.69),(357,357,62.5,1.62,16.5,2.7,23.81),(358,358,95.2,1.86,26.6,2.5,27.52),(359,359,51.7,1.82,21.4,3,15.61),(360,360,105.3,1.67,26.9,2.9,37.76),(361,361,71.2,1.68,34.1,1.6,25.23),(362,362,78.1,1.51,31.1,2.6,34.25),(363,363,50.6,1.68,30.6,2.1,17.93),(364,364,70.2,1.89,29.6,2.6,19.65),(365,365,62.6,1.53,18.1,2.7,26.74),(366,366,60.6,1.65,27.6,1.7,22.26),(367,367,76.4,1.97,22.9,2.6,19.69),(368,368,63.3,1.71,18.5,2.7,21.65),(369,369,68.6,1.64,32.4,1.5,25.51),(370,370,123.3,1.88,23,2.6,34.89),(371,371,107,1.94,23.5,2.9,28.43),(372,372,68.3,1.92,29.9,3.5,18.53),(373,373,47.8,1.6,26,2.3,18.67),(374,374,58.4,1.79,17,2.7,18.23),(375,375,74.3,1.71,25.6,1.6,25.41),(376,376,106.8,1.82,28.2,2.3,32.24),(377,377,125.5,1.8,20.9,2.7,38.73),(378,378,55.2,1.55,31.7,1.7,22.98),(379,379,71.4,1.72,25.6,1.5,24.13),(380,380,77.7,1.61,26.7,3.4,29.98),(381,381,88.4,1.6,14.2,3.5,34.53),(382,382,104.8,1.99,24,2,26.46),(383,383,82.2,1.69,25.2,3.4,28.78),(384,384,68.2,1.75,29,1.7,22.27),(385,385,91.4,1.99,23,3.7,23.08),(386,386,42.1,1.65,33,2.2,15.46),(387,387,68.7,1.76,27.7,2.4,22.18),(388,388,47.2,1.74,32.2,1.6,15.59),(389,389,92,1.76,22.1,3.5,29.7),(390,390,56.2,1.95,22.5,3.4,14.78),(391,391,58.4,1.72,23.4,3.1,19.74),(392,392,82.9,1.95,12.9,3.5,21.8),(393,393,66.9,1.74,29.5,2.1,22.1),(394,394,66.3,1.85,27.5,3.2,19.37),(395,395,93.6,1.93,22.1,2,25.13),(396,396,64.1,1.5,15.1,2.7,28.49),(397,397,86.7,1.62,13.9,3.5,33.04),(398,398,62,1.59,33.2,2.2,24.52),(399,399,58.1,1.61,15.3,2.7,22.41),(400,400,64.9,1.6,31.1,2.5,25.35),(401,401,69.3,1.62,28.8,1.9,26.41),(402,402,42.7,1.74,32.9,1.6,14.1),(403,403,51.4,1.63,33.7,2,19.35),(404,404,67.4,1.6,33.5,2.4,26.33),(405,405,55.6,1.61,18.9,2.7,21.45),(406,406,125.3,1.86,22.7,2.2,36.22),(407,407,102.1,1.85,28.1,2.4,29.83),(408,408,61.9,1.77,25.3,2.3,19.76),(409,409,108.8,1.64,20.5,3.4,40.45),(410,410,51.1,1.58,29.6,1.6,20.47),(411,411,81.7,1.99,29.4,3.2,20.63),(412,412,42.7,1.66,33.9,1.9,15.5),(413,413,81.8,1.99,10.5,3.5,20.66),(414,414,54.6,1.76,27.4,3.3,17.63),(415,415,107.7,1.88,28.1,3.6,30.47),(416,416,56.9,1.6,27.7,1.6,22.23),(417,417,78.8,1.71,24.7,2.5,26.95),(418,418,48.2,1.64,32.1,2.5,17.92),(419,419,50.7,1.59,29.4,1.8,20.05),(420,420,86.6,1.99,10.6,3.5,21.87),(421,421,96.3,1.63,27.1,2.4,36.25),(422,422,80.8,1.98,14.6,3.5,20.61),(423,423,58,1.53,18.3,2.7,24.78),(424,424,95.9,1.85,27.7,3.4,28.02),(425,425,61.5,1.58,16.8,2.7,24.64),(426,426,40.6,1.79,26.8,2.7,12.67),(427,427,82.5,1.87,13.2,3.5,23.59),(428,428,105.1,1.84,23.3,2.9,31.04),(429,429,58.1,1.58,19.3,2.7,23.27),(430,430,61,1.76,15.6,2.7,19.69),(431,431,64.5,1.53,17.2,2.7,27.55),(432,432,58.2,1.98,24,2.5,14.85),(433,433,69.5,1.76,34.4,2,22.44),(434,434,62.2,1.84,21.5,2.3,18.37),(435,435,68,1.7,25.1,2.4,23.53),(436,436,56.3,1.5,27.4,2.4,25.02),(437,437,94.5,1.7,28.2,3.5,32.7),(438,438,58,1.79,27.1,1.5,18.1),(439,439,84,1.94,11.2,3.5,22.32),(440,440,61,1.87,21.3,3,17.44),(441,441,64.8,1.53,18.6,2.7,27.68),(442,442,45.7,1.77,20.7,2.4,14.59),(443,443,80.9,1.9,11.7,3.5,22.41),(444,444,64.1,1.63,16.4,2.7,24.13),(445,445,67,1.77,25.6,2.6,21.39),(446,446,106.5,1.6,27.3,3.3,41.6),(447,447,95.1,1.85,25.3,2.3,27.79),(448,448,65.5,1.57,34.3,2.3,26.57),(449,449,105.7,1.64,29.5,3.1,39.3),(450,450,48,1.76,28.6,2.6,15.5),(451,451,69.5,1.5,32.8,2.4,30.89),(452,452,66.1,1.69,27.4,3.4,23.14),(453,453,68,1.7,28.9,2.9,23.53),(454,454,50.3,1.78,24.5,2.3,15.88),(455,455,69.3,1.68,30.3,2,24.55),(456,456,86.7,1.63,12.1,3.5,32.63),(457,457,125.9,1.94,28.5,2.9,33.45),(458,458,88.1,1.93,11.1,3.5,23.65),(459,459,124.3,1.82,22.4,3.2,37.53),(460,460,62,1.85,23.7,3,18.12),(461,461,69.7,1.72,27.3,2,23.56),(462,462,60.9,1.52,30.6,1.8,26.36),(463,463,76.5,1.97,21.3,2.3,19.71),(464,464,94.7,1.82,23.2,3.2,28.59),(465,465,67.9,1.75,29.1,3.1,22.17),(466,466,121.1,1.87,24.1,3.2,34.63),(467,467,71.5,1.64,32.5,1.9,26.58),(468,468,98.6,1.7,21.1,2.4,34.12),(469,469,68.2,1.63,27.5,2.4,25.67),(470,470,57.7,1.69,33.1,2.4,20.2),(471,471,124.6,1.63,27.6,2.8,46.9),(472,472,73,1.59,28.9,2.2,28.88),(473,473,59.4,1.51,19.8,2.7,26.05),(474,474,52,1.65,34.1,1.9,19.1),(475,475,42.2,1.65,34.6,2.3,15.5),(476,476,89.3,1.64,12.1,3.5,33.2),(477,477,110,1.76,22,3.4,35.51),(478,478,66.2,1.58,31.3,2.3,26.52),(479,479,58.6,1.66,26.8,2.9,21.27),(480,480,51,1.67,21.3,2.8,18.29),(481,481,101.5,1.95,27.9,3.1,26.69),(482,482,114.2,1.87,20.2,3.2,32.66),(483,483,54.4,1.72,24.8,2.9,18.39),(484,484,52.4,1.57,28.3,2.2,21.26),(485,485,85.2,1.81,13.7,3.5,26.01),(486,486,83.6,1.74,11.6,3.5,27.61),(487,487,115.4,1.92,28.3,2.2,31.3),(488,488,71.2,1.97,25.9,3.6,18.35),(489,489,78.1,1.6,32.9,2.4,30.51),(490,490,54.2,1.65,34.9,1.9,19.91),(491,491,77.6,1.76,31.8,2.2,25.05),(492,492,44.1,1.62,34.8,1.6,16.8),(493,493,85.5,1.8,10.1,3.5,26.39),(494,494,47.8,1.76,28.4,1.5,15.43),(495,495,102.5,1.94,21.1,2.4,27.23),(496,496,118,1.9,22.6,3.2,32.69),(497,497,82.3,1.84,28.4,3.4,24.31),(498,498,81.6,1.87,10.2,3.5,23.33),(499,499,60.2,1.88,25.2,3,17.03),(500,500,49.2,1.54,30.7,2.1,20.75),(501,501,46.6,1.5,30.6,2,20.71),(502,502,68.7,1.72,29.8,1.7,23.22),(503,503,60.6,1.55,32.9,1.6,25.22),(504,504,52.1,1.61,21.3,3.3,20.1),(505,505,46.6,1.77,28.1,2.6,14.87),(506,506,65.5,1.74,26.2,2.8,21.63),(507,507,44.2,1.57,31.9,2.3,17.93),(508,508,89.1,1.84,24,3.6,26.32),(509,509,65.9,1.62,28.8,2.2,25.11),(510,510,55.6,1.57,29.2,2.4,22.56),(511,511,63.7,1.98,24,3,16.25),(512,512,86.2,1.82,10.2,3.5,26.02),(513,513,59.2,1.63,17.8,2.7,22.28),(514,514,85.4,1.88,13.5,3.5,24.16),(515,515,68.1,1.55,26.1,2.2,28.35),(516,516,60,1.62,28.1,1.9,22.86),(517,517,74.8,1.69,32.8,2.3,26.19),(518,518,90.3,1.65,23.7,3.4,33.17),(519,519,86.1,1.65,11.2,3.5,31.63),(520,520,73.7,1.66,26.7,2.2,26.75),(521,521,67.7,1.56,27,2.1,27.82),(522,522,78.3,1.96,29,2.2,20.38),(523,523,48.2,1.65,26.1,2.5,17.7),(524,524,56.8,1.51,32.1,2.1,24.91),(525,525,112.4,1.63,25,3.4,42.3),(526,526,59,1.67,33.7,1.9,21.16),(527,527,98.4,1.88,21.3,2.2,27.84),(528,528,66.5,1.6,26.8,2.1,25.98),(529,529,106.5,1.81,25.7,2.5,32.51),(530,530,88.4,1.93,12.4,3.5,23.73),(531,531,88.4,1.79,12.5,3.5,27.59),(532,532,53.3,1.74,32.2,1.8,17.6),(533,533,58.1,1.56,34.4,2.2,23.87),(534,534,74.2,1.76,25.9,1.5,23.95),(535,535,84.6,1.63,20.2,2.9,31.84),(536,536,78,1.92,28.1,2.7,21.16),(537,537,89,1.68,10.5,3.5,31.53),(538,538,42.7,1.76,34.9,2.2,13.78),(539,539,83.9,1.82,13.1,3.5,25.33),(540,540,78.7,1.52,31.5,2.3,34.06),(541,541,65.9,1.52,27,2.3,28.52),(542,542,76.9,1.92,22.4,3.7,20.86),(543,543,84.3,2,13.3,3.5,21.07),(544,544,62.4,1.6,34.1,1.7,24.37),(545,545,63.7,1.74,29.8,2.7,21.04),(546,546,54.9,1.52,27,2,23.76),(547,547,76.4,1.79,21.3,2.7,23.84),(548,548,106.4,1.86,20.6,3.1,30.76),(549,549,68.4,1.5,33.7,2.1,30.4),(550,550,63.5,1.86,22.9,2.9,18.35),(551,551,59.4,1.5,25,2,26.4),(552,552,113.4,1.91,22.2,3.7,31.08),(553,553,61.9,1.52,28.4,2.6,26.79),(554,554,70.7,1.68,34.9,1.9,25.05),(555,555,111.5,1.9,25.2,2.2,30.89),(556,556,72.1,1.66,27,2.5,26.16),(557,557,56.9,1.87,23.3,3.7,16.27),(558,558,86.2,1.9,11.7,3.5,23.88),(559,559,59.4,1.68,20.2,2.5,21.05),(560,560,75.6,1.72,26.4,1.9,25.55),(561,561,76.3,1.73,32,2.6,25.49),(562,562,95.8,1.86,21.2,3.2,27.69),(563,563,120.6,1.83,22.3,2.5,36.01),(564,564,65.3,1.55,28.5,2.2,27.18),(565,565,85.3,1.89,27.6,3.6,23.88),(566,566,68,1.68,25.8,3.4,24.09),(567,567,52.6,1.57,31.9,2.4,21.34),(568,568,63.3,1.77,25.7,3.3,20.2),(569,569,76.3,1.65,31.8,1.7,28.03),(570,570,61,1.63,20,3.4,22.96),(571,571,67.8,1.61,34.3,1.8,26.16),(572,572,114.9,1.86,21.1,3.6,33.21),(573,573,88,1.71,12,3.5,30.09),(574,574,67.7,1.58,32.7,1.9,27.12),(575,575,124.8,1.85,24.4,3.5,36.46),(576,576,53,1.58,34.5,1.8,21.23),(577,577,61.2,1.88,24.7,2.9,17.32),(578,578,48.7,1.68,33.7,1.6,17.25),(579,579,50.6,1.7,33.1,2.3,17.51),(580,580,72.6,1.73,34.8,2.5,24.26),(581,581,70.4,1.56,34.3,2.4,28.93),(582,582,52.5,1.88,29,2.9,14.85),(583,583,76.3,1.77,27.3,2.1,24.35),(584,584,41.2,1.58,28.7,2.6,16.5),(585,585,55.3,1.76,15.5,2.7,17.85),(586,586,49.7,1.67,31.9,2.3,17.82),(587,587,48.3,1.87,29.8,3.3,13.81),(588,588,83.2,1.96,13.6,3.5,21.66),(589,589,120.5,1.73,29.3,3.4,40.26),(590,590,121.6,2,28,3.3,30.4),(591,591,73,1.75,26.6,2,23.84),(592,592,57.5,1.67,16.2,2.7,20.62),(593,593,42.7,1.53,28.4,2.4,18.24),(594,594,129.9,1.73,21.7,3.1,43.4),(595,595,108.6,1.92,25.8,3.5,29.46),(596,596,88.6,2,14.9,3.5,22.15),(597,597,49.7,1.51,32.6,2.5,21.8),(598,598,56.4,1.54,29.2,1.5,23.78),(599,599,46.9,1.74,20,2.6,15.49),(600,600,71.3,1.67,28.1,1.5,25.57),(601,601,71.6,1.86,25.3,2.2,20.7),(602,602,82.3,1.61,11.6,3.5,31.75),(603,603,70.6,1.69,26.1,2.2,24.72),(604,604,109.8,1.62,24.4,3.5,41.84),(605,605,73.5,1.69,27.5,1.6,25.73),(606,606,85.6,1.85,14.5,3.5,25.01),(607,607,74.6,1.68,26,2,26.43),(608,608,63.2,1.8,25.5,2.6,19.51),(609,609,62.6,1.63,15,2.7,23.56),(610,610,87.1,1.76,11.6,3.5,28.12),(611,611,82.3,1.84,13.3,3.5,24.31),(612,612,64.3,1.78,18.7,2.7,20.29),(613,613,53.7,1.66,29.5,2.5,19.49),(614,614,63,2,26.8,2.9,15.75),(615,615,128.4,1.86,23.6,3.3,37.11),(616,616,88,1.89,13.3,3.5,24.64),(617,617,63.7,1.52,25.4,2.1,27.57),(618,618,83.7,1.87,23.9,2.3,23.94),(619,619,102.6,1.75,27.9,2.2,33.5),(620,620,77.7,1.55,33,1.7,32.34),(621,621,87.5,1.88,27.2,2.6,24.76),(622,622,87,1.86,11,3.5,25.15),(623,623,82.8,1.66,11.2,3.5,30.05),(624,624,65.4,1.68,35,2.6,23.17),(625,625,47.2,1.71,26,2.5,16.14),(626,626,58.2,1.7,26.8,2,20.14),(627,627,73.5,1.55,26.3,2.1,30.59),(628,628,55.2,1.73,16.6,2.7,18.44),(629,629,64.4,1.71,27.1,1.8,22.02),(630,630,73.5,1.74,30,2.3,24.28),(631,631,89.6,1.81,12.4,3.5,27.35),(632,632,86.5,1.76,29,3.4,27.92),(633,633,46.1,1.67,25.3,1.8,16.53),(634,634,68.5,1.97,23.2,2.1,17.65),(635,635,94.6,1.84,26,3.1,27.94),(636,636,54.2,1.52,31,2.2,23.46),(637,637,47.7,1.77,24.8,2.7,15.23),(638,638,52.2,1.84,28.2,3.1,15.42),(639,639,88.8,1.95,10.3,3.5,23.35),(640,640,101,1.68,28.2,2.9,35.79),(641,641,118.4,1.95,24.9,2.4,31.14),(642,642,47.9,1.72,26.3,2,16.19),(643,643,51.5,1.74,33.9,2,17.01),(644,644,79.9,1.51,31.5,2.6,35.04),(645,645,121.3,1.85,21.6,3.6,35.44),(646,646,78.9,1.64,25.3,2.6,29.34),(647,647,88.5,1.62,10.7,3.5,33.72),(648,648,73.5,1.63,26.1,3.2,27.66),(649,649,127.9,1.93,21.8,3,34.34),(650,650,88.5,1.98,11.1,3.5,22.57),(651,651,43.4,1.62,25.3,2.3,16.54),(652,652,42.8,1.56,32.2,2.6,17.59),(653,653,64.5,1.79,28.1,2.4,20.13),(654,654,50.7,1.53,33,2.1,21.66),(655,655,59.2,1.66,21.3,3.2,21.48),(656,656,78.9,1.73,34,2.3,26.36),(657,657,78.7,1.63,31.7,1.8,29.62),(658,658,68.7,1.92,29,3,18.64),(659,659,53.1,1.59,29.5,2.5,21),(660,660,64.8,1.65,24.4,2.8,23.8),(661,661,50.3,1.61,32.8,2.5,19.41),(662,662,102.3,1.63,20.9,2.6,38.5),(663,663,62.9,1.92,25.2,3.6,17.06),(664,664,56.5,1.6,19.2,2.7,22.07),(665,665,74.6,1.55,33.3,2.1,31.05),(666,666,52,1.79,29.6,3,16.23),(667,667,52.1,1.67,32,1.5,18.68),(668,668,72.2,1.54,27.1,1.7,30.44),(669,669,85.8,1.8,10.1,3.5,26.48),(670,670,81.4,1.85,12.4,3.5,23.78),(671,671,50.9,1.65,30.1,2.3,18.7),(672,672,52,1.78,22.4,2.7,16.41),(673,673,71,1.93,21.2,2.9,19.06),(674,674,80.6,1.77,12.9,3.5,25.73),(675,675,58.3,1.72,32.6,1.6,19.71),(676,676,63,1.7,34.9,2.5,21.8),(677,677,111,1.94,27.6,3.3,29.49),(678,678,52.6,1.66,32.9,1.7,19.09),(679,679,116.4,2,26.2,3.1,29.1),(680,680,75.6,1.61,34.9,2.5,29.17),(681,681,61.6,1.8,26.4,3.1,19.01),(682,682,108,1.8,28.6,2.5,33.33),(683,683,59.3,1.75,34.5,2.3,19.36),(684,684,75.7,1.94,29.3,2.4,20.11),(685,685,56.3,1.6,28.8,1.9,21.99),(686,686,58.2,1.73,25.8,1.8,19.45),(687,687,55.7,1.68,21.7,2.9,19.73),(688,688,125.9,1.67,20.6,2.2,45.14),(689,689,62.7,1.67,26.1,2.6,22.48),(690,690,86.6,1.86,21.8,2.6,25.03),(691,691,64.5,1.82,23.4,2.4,19.47),(692,692,76.6,1.86,25.4,2.8,22.14),(693,693,81.4,1.83,13.6,3.5,24.31),(694,694,60.7,1.71,22.1,2.5,20.76),(695,695,57.2,1.55,18.4,2.7,23.81),(696,696,73,1.59,32,2.1,28.88),(697,697,123.8,1.99,25.6,2.6,31.26),(698,698,93.6,1.66,29,2.2,33.97),(699,699,76.8,1.92,21.1,2.5,20.83),(700,700,54.7,1.53,26.8,2,23.37),(701,701,92.3,1.94,24.3,2.1,24.52),(702,702,71.8,1.55,26.3,2.4,29.89),(703,703,66.9,1.57,30.7,2.2,27.14),(704,704,48.7,1.76,29,2.2,15.72),(705,705,66.2,1.71,22.8,2.9,22.64),(706,706,40,1.76,26.7,2.2,12.91),(707,707,112.4,1.85,23.4,3.6,32.84),(708,708,70,1.55,31.1,1.5,29.14),(709,709,84,1.74,25.8,2.1,27.74),(710,710,43.8,1.65,26.6,1.7,16.09),(711,711,123.3,1.62,21.2,2.3,46.98),(712,712,57.9,1.56,15.1,2.7,23.79),(713,713,82.4,1.96,10.1,3.5,21.45),(714,714,84.8,1.79,28.8,2.3,26.47),(715,715,109.6,1.66,20.5,3.1,39.77),(716,716,86.4,1.77,27.3,2.8,27.58),(717,717,63.9,1.8,33.7,2.7,19.72),(718,718,70.8,1.62,26,1.8,26.98),(719,719,115.3,1.67,24.4,2.5,41.34),(720,720,55.3,1.56,19.8,2.7,22.72),(721,721,73.9,1.8,28.3,3.7,22.81),(722,722,97.3,1.96,24.9,3.4,25.33),(723,723,60.4,1.65,32.6,2.1,22.19),(724,724,49.3,1.61,28.3,2.9,19.02),(725,725,91.8,1.78,23.5,3.4,28.97),(726,726,73.6,1.55,33.9,2.1,30.63),(727,727,47.1,1.78,24.7,2.4,14.87),(728,728,65.2,1.62,25.3,3.4,24.84),(729,729,87.2,1.64,15,3.5,32.42),(730,730,96.7,1.71,28.4,2.9,33.07),(731,731,46.9,1.61,28.6,1.7,18.09),(732,732,72.1,1.62,25.1,2.1,27.47),(733,733,62.5,1.54,18.1,2.7,26.35),(734,734,110.7,1.69,27,2.7,38.76),(735,735,102.6,1.83,26.5,3.5,30.64),(736,736,64.3,1.62,19.8,2.7,24.5),(737,737,80.7,1.61,14.3,3.5,31.13),(738,738,115.3,1.81,24.5,2.2,35.19),(739,739,87.8,1.69,10.3,3.5,30.74),(740,740,74.3,1.61,24.8,3.5,28.66),(741,741,78.5,1.7,31.9,2.1,27.16),(742,742,77.3,1.58,31.1,2,30.96),(743,743,64.5,1.7,30.4,1.7,22.32),(744,744,72,1.94,24.7,3.2,19.13),(745,745,77.9,1.77,27.9,2.6,24.87),(746,746,69.6,1.58,27.8,2,27.88),(747,747,68.9,1.99,25,2.4,17.4),(748,748,45.9,1.89,21.6,2.9,12.85),(749,749,68.2,1.69,28.4,2.5,23.88),(750,750,79.6,1.59,28.2,1.5,31.49),(751,751,53.6,1.52,30.9,2.3,23.2),(752,752,57.7,1.58,25.7,2.2,23.11),(753,753,74.2,1.93,28.3,2.5,19.92),(754,754,64.4,1.56,17.8,2.7,26.46),(755,755,54.9,1.78,31.7,2,17.33),(756,756,50.3,1.64,27,2.4,18.7),(757,757,46.5,1.68,27.9,2.4,16.48),(758,758,57.8,1.99,24.7,3.1,14.6),(759,759,83,1.8,29.6,2.9,25.62),(760,760,82.5,1.79,13.8,3.5,25.75),(761,761,66.5,1.73,34.7,2,22.22),(762,762,70.2,1.67,32.5,1.8,25.17),(763,763,121.9,1.93,21.8,3.4,32.73),(764,764,70.3,1.52,25.6,2,30.43),(765,765,40.3,1.56,30.8,2.1,16.56),(766,766,101.4,1.76,23.6,2.9,32.74),(767,767,79.2,1.95,22.8,2.8,20.83),(768,768,75.8,1.77,33.1,1.8,24.19),(769,769,71.7,1.88,23.7,2.2,20.29),(770,770,57.7,1.56,16.6,2.7,23.71),(771,771,47.4,1.6,33.5,1.6,18.52),(772,772,57.2,1.75,33.5,2.4,18.68),(773,773,44.8,1.72,28.6,1.8,15.14),(774,774,90.2,1.72,28.3,2.1,30.49),(775,775,84.9,1.72,14.3,3.5,28.7),(776,776,95.7,1.77,24.2,3.4,30.55),(777,777,59,1.65,20.7,2.3,21.67),(778,778,60.5,1.77,15,2.7,19.31),(779,779,53.8,1.72,30.2,2.3,18.19),(780,780,86.6,1.97,11.7,3.5,22.31),(781,781,72.8,1.67,35,1.9,26.1),(782,782,66.3,1.77,32.7,1.7,21.16),(783,783,56,1.6,32.6,2,21.87),(784,784,45.9,1.93,29.6,2,12.32),(785,785,88,1.64,14.4,3.5,32.72),(786,786,94,1.79,23.2,3.4,29.34),(787,787,44.7,1.79,26.7,2.1,13.95),(788,788,63.2,1.63,27.5,2.2,23.79),(789,789,95.6,1.9,23.8,2.4,26.48),(790,790,47.8,1.86,24.7,2.8,13.82),(791,791,85.3,1.64,13.2,3.5,31.71),(792,792,59.7,1.83,29.1,2.3,17.83),(793,793,70.2,1.98,24.2,2.5,17.91),(794,794,72.7,1.8,32.8,2.1,22.44),(795,795,50.4,1.79,27.7,2.5,15.73),(796,796,81.7,1.74,27,2.7,26.99),(797,797,49.3,1.62,20,3.2,18.79),(798,798,61.9,1.64,19.4,2.7,23.01),(799,799,49.1,1.68,25.3,2.6,17.4),(800,800,66.5,1.83,27.1,2.4,19.86),(801,801,75.5,1.93,20.5,3.4,20.27),(802,802,88.2,1.79,11.3,3.5,27.53),(803,803,74.8,1.75,25,3.3,24.42),(804,804,72.2,1.6,29.2,1.9,28.2),(805,805,62.8,1.63,21.9,3.7,23.64),(806,806,84.7,1.79,23.3,2.4,26.43),(807,807,116.5,1.69,27.3,2.4,40.79),(808,808,77.4,1.92,26.7,3.3,21),(809,809,72.9,1.62,25.7,2,27.78),(810,810,58.4,1.59,32.5,1.9,23.1),(811,811,64.3,1.54,15.3,2.7,27.11),(812,812,89.3,1.87,12.7,3.5,25.54),(813,813,90.2,1.61,22.6,2.3,34.8),(814,814,59,1.62,30.9,2.4,22.48),(815,815,58.7,1.86,22.6,3.3,16.97),(816,816,127.5,1.82,29.8,3,38.49),(817,817,68.6,1.52,28.1,2.6,29.69),(818,818,56.7,1.53,27.4,1.9,24.22),(819,819,64.5,1.78,27.8,1.8,20.36),(820,820,61.6,1.52,19.5,2.7,26.66),(821,821,75.1,1.82,26.4,3.2,22.67),(822,822,79.3,1.93,27.3,3.3,21.29),(823,823,72.6,1.68,34.2,1.8,25.72),(824,824,76.7,1.7,29.1,2.1,26.54),(825,825,44.2,1.61,32.4,2.5,17.05),(826,826,56.5,1.7,27,2.7,19.55),(827,827,100.9,1.63,28.4,3.1,37.98),(828,828,55.8,1.55,27,1.8,23.23),(829,829,58.3,1.93,27.4,3.7,15.65),(830,830,48.6,1.77,26.9,3.5,15.51),(831,831,81.7,1.95,13.8,3.5,21.49),(832,832,85.6,1.69,12.7,3.5,29.97),(833,833,60,1.72,18.2,2.7,20.28),(834,834,126.4,1.69,29.5,2.9,44.26),(835,835,75.4,1.78,26,2.5,23.8),(836,836,64.2,1.69,16.5,2.7,22.48),(837,837,65.2,1.62,31.1,2.5,24.84),(838,838,70.1,1.66,34.6,2.6,25.44),(839,839,102.6,1.77,21,3.4,32.75),(840,840,107.2,1.93,20.2,3.1,28.78),(841,841,56.5,1.75,15.3,2.7,18.45),(842,842,61.6,1.75,25.5,2.2,20.11),(843,843,81.7,1.75,29.1,2.8,26.68),(844,844,76.6,1.58,32.2,2.3,30.68),(845,845,116.8,1.79,26.8,3.4,36.45),(846,846,60.1,1.59,17.6,2.7,23.77),(847,847,93.7,1.73,27.8,3.6,31.31),(848,848,41.6,1.58,26.6,2.1,16.66),(849,849,55.1,1.79,17,2.7,17.2),(850,850,127.1,1.76,24.9,3,41.03),(851,851,69.1,1.6,26.1,2,26.99),(852,852,66.8,1.74,29.2,2.3,22.06),(853,853,125.5,1.76,23.2,3.1,40.52),(854,854,71.3,1.58,25.4,1.5,28.56),(855,855,129.2,1.61,21.4,2.9,49.84),(856,856,96.3,1.86,27.6,2.2,27.84),(857,857,67.5,1.54,25.2,1.5,28.46),(858,858,64.4,1.55,19.7,2.7,26.81),(859,859,64.9,1.57,25.9,2.4,26.33),(860,860,52.3,1.66,33,1.8,18.98),(861,861,56.7,1.55,34,1.9,23.6),(862,862,46.8,1.63,34.4,1.6,17.61),(863,863,70.3,1.77,33.7,1.7,22.44),(864,864,80.8,1.76,11.4,3.5,26.08),(865,865,56,1.5,16.7,2.7,24.89),(866,866,101.2,1.84,24.3,3.3,29.89),(867,867,56.6,1.57,15.7,2.7,22.96),(868,868,40.9,1.75,25.2,2.1,13.36),(869,869,127.8,1.65,28.7,3.5,46.94),(870,870,49.3,1.76,30.5,2,15.92),(871,871,64.3,1.63,18,2.7,24.2),(872,872,49.3,1.62,29.3,2.5,18.79),(873,873,63,1.62,31.7,1.9,24.01),(874,874,41.1,1.67,31.9,2.4,14.74),(875,875,40.5,1.74,32.9,2.2,13.38),(876,876,71,1.62,21.2,3.5,27.05),(877,877,60.9,1.62,16.8,2.7,23.21),(878,878,64.7,1.66,19.8,2.7,23.48),(879,879,51,1.71,34.2,2.2,17.44),(880,880,57.7,1.77,19.4,2.7,18.42),(881,881,76.9,1.82,24.5,2.8,23.22),(882,882,80.5,1.77,14.3,3.5,25.7),(883,883,73.3,1.74,25.5,2.4,24.21),(884,884,49,1.57,26.5,2.6,19.88),(885,885,114.5,1.97,24.1,2.6,29.5),(886,886,81,1.78,12.4,3.5,25.56),(887,887,53.5,1.76,27.6,1.8,17.27),(888,888,52.1,1.68,23.6,3,18.46),(889,889,70.1,1.52,26.6,2.1,30.34),(890,890,86.9,1.78,24.9,3.7,27.43),(891,891,73.4,1.76,27.9,2.8,23.7),(892,892,90,1.66,26.6,2.1,32.66),(893,893,85.7,1.92,10.5,3.5,23.25),(894,894,70.4,1.55,29.9,2.7,29.3),(895,895,57.7,1.71,27,3.4,19.73),(896,896,75.7,1.76,25.3,2.3,24.44),(897,897,61.8,1.52,17,2.7,26.75),(898,898,80.3,1.76,13.1,3.5,25.92),(899,899,104.3,1.68,29.7,3.5,36.95),(900,900,65.7,1.58,25.9,1.9,26.32),(901,901,120.3,1.96,23.9,2.6,31.32),(902,902,51.9,1.57,29.1,2.6,21.06),(903,903,59.1,1.57,17.9,2.7,23.98),(904,904,66.9,1.75,26.5,2.1,21.84),(905,905,66.9,1.75,26.8,1.7,21.84),(906,906,78.7,1.66,22.9,2.6,28.56),(907,907,62.4,1.61,19.8,2.7,24.07),(908,908,102.1,1.71,27.3,3.2,34.92),(909,909,51.9,2,26.6,2.3,12.97),(910,910,58.3,2,28.2,3,14.57),(911,911,89.8,1.92,10.6,3.5,24.36),(912,912,101.1,1.83,28.6,3.2,30.19),(913,913,118.6,1.72,25.9,2.6,40.09),(914,914,84.8,1.85,23.4,3.2,24.78),(915,915,80,1.77,28.2,3.5,25.54),(916,916,73.1,1.83,28,2.8,21.83),(917,917,117.3,1.68,28.5,2.7,41.56),(918,918,77.4,1.71,26.2,1.8,26.47),(919,919,72.9,1.67,34.7,2.2,26.14),(920,920,71.2,1.5,34.6,2.6,31.64),(921,921,88.2,1.62,11.8,3.5,33.61),(922,922,75.6,1.8,25.7,1.9,23.33),(923,923,57.9,1.56,15.8,2.7,23.79),(924,924,70.6,1.58,34.9,2,28.28),(925,925,118.6,1.64,25.6,2.7,44.1),(926,926,55.7,1.99,23.6,3,14.07),(927,927,102.3,1.94,22.9,2.4,27.18),(928,928,72.6,1.87,22.6,3.4,20.76),(929,929,63.8,1.68,31.6,1.9,22.6),(930,930,67.3,1.67,29.2,2.3,24.13),(931,931,59.3,1.58,19.8,2.7,23.75),(932,932,70.7,1.57,31.8,2.1,28.68),(933,933,86.9,1.69,14,3.5,30.43),(934,934,98.2,1.9,22.9,3,27.2),(935,935,63.6,1.62,20.8,2.3,24.23),(936,936,45.2,1.68,29.9,2.4,16.01),(937,937,117.2,1.62,23.1,2.3,44.66),(938,938,107.4,1.74,22,2.2,35.47),(939,939,59.1,1.78,34.5,2.2,18.65),(940,940,53.3,1.64,29.4,2.4,19.82),(941,941,46.2,1.63,21.7,2.1,17.39),(942,942,67,1.61,22,2.1,25.85),(943,943,86.3,1.77,11.4,3.5,27.55),(944,944,85.5,1.67,15,3.5,30.66),(945,945,70.2,1.87,22.7,3.4,20.07),(946,946,127.1,1.62,23.3,3.4,48.43),(947,947,75.6,1.67,31.6,1.8,27.11),(948,948,62.6,1.65,27.9,2.2,22.99),(949,949,55.7,1.53,16.1,2.7,23.79),(950,950,96.1,1.74,21.6,2.8,31.74),(951,951,76.7,1.62,28.1,2.3,29.23),(952,952,57.2,1.89,21.1,3.5,16.01),(953,953,69.9,1.81,20.2,2.1,21.34),(954,954,67.9,1.77,33,2.4,21.67),(955,955,87.9,1.87,10.7,3.5,25.14),(956,956,102.8,1.98,27.8,2.8,26.22),(957,957,51.8,1.5,33,2.2,23.02),(958,958,57.7,1.57,17.7,2.7,23.41),(959,959,66.5,1.69,28.1,2.3,23.28),(960,960,95.4,1.61,21.5,3.6,36.8),(961,961,69.2,1.6,32.4,1.6,27.03),(962,962,66.6,1.67,31,1.5,23.88),(963,963,83.4,1.65,13.3,3.5,30.63),(964,964,43.8,1.75,25.1,1.7,14.3),(965,965,64.2,1.69,19.6,2.7,22.48),(966,966,44.1,1.62,25.7,2.7,16.8),(967,967,87.3,1.91,11.8,3.5,23.93),(968,968,55,1.6,24,3.2,21.48),(969,969,87.1,1.74,10,3.5,28.77),(970,970,66.6,1.61,25,3,25.69),(971,971,60.4,1.76,18.8,2.7,19.5),(972,972,126.4,1.83,28.2,2.1,37.74),(973,973,88.7,1.63,28.8,3.5,33.38);
/*!40000 ALTER TABLE `BioMetrics` ENABLE KEYS */;
UNLOCK TABLES;

--
-- Table structure for table `ExperienceLevel`
--

DROP TABLE IF EXISTS `ExperienceLevel`;
/*!40101 SET @saved_cs_client     = @@character_set_client */;
/*!50503 SET character_set_client = utf8mb4 */;
CREATE TABLE `ExperienceLevel` (
  `Experience_Level_id` int NOT NULL,
  `Experience_Level` int NOT NULL,
  PRIMARY KEY (`Experience_Level_id`)
) ENGINE=InnoDB DEFAULT CHARSET=utf8mb3;
/*!40101 SET character_set_client = @saved_cs_client */;

--
-- Dumping data for table `ExperienceLevel`
--

LOCK TABLES `ExperienceLevel` WRITE;
/*!40000 ALTER TABLE `ExperienceLevel` DISABLE KEYS */;
INSERT INTO `ExperienceLevel` VALUES (1,3),(2,2),(3,1);
/*!40000 ALTER TABLE `ExperienceLevel` ENABLE KEYS */;
UNLOCK TABLES;

--
-- Table structure for table `Gender`
--

DROP TABLE IF EXISTS `Gender`;
/*!40101 SET @saved_cs_client     = @@character_set_client */;
/*!50503 SET character_set_client = utf8mb4 */;
CREATE TABLE `Gender` (
  `Gender_id` int NOT NULL,
  `Gender` varchar(15) NOT NULL,
  PRIMARY KEY (`Gender_id`)
) ENGINE=InnoDB DEFAULT CHARSET=utf8mb3;
/*!40101 SET character_set_client = @saved_cs_client */;

--
-- Dumping data for table `Gender`
--

LOCK TABLES `Gender` WRITE;
/*!40000 ALTER TABLE `Gender` DISABLE KEYS */;
INSERT INTO `Gender` VALUES (1,'Male'),(2,'Female');
/*!40000 ALTER TABLE `Gender` ENABLE KEYS */;
UNLOCK TABLES;

--
-- Table structure for table `Members`
--

DROP TABLE IF EXISTS `Members`;
/*!40101 SET @saved_cs_client     = @@character_set_client */;
/*!50503 SET character_set_client = utf8mb4 */;
CREATE TABLE `Members` (
  `Member_id` int NOT NULL,
  `Age` int NOT NULL,
  `Gender_id` int NOT NULL,
  `Workout_Frequency_id` int NOT NULL,
  `Experience_Level_id` int NOT NULL,
  PRIMARY KEY (`Member_id`),
  KEY `fk_Members_Gender_idx` (`Gender_id`),
  KEY `fk_Members_WorkoutFrequency1_idx` (`Workout_Frequency_id`),
  KEY `fk_Members_ExperienceLevel1_idx` (`Experience_Level_id`),
  CONSTRAINT `fk_Members_ExperienceLevel1` FOREIGN KEY (`Experience_Level_id`) REFERENCES `ExperienceLevel` (`Experience_Level_id`),
  CONSTRAINT `fk_Members_Gender` FOREIGN KEY (`Gender_id`) REFERENCES `Gender` (`Gender_id`),
  CONSTRAINT `fk_Members_WorkoutFrequency1` FOREIGN KEY (`Workout_Frequency_id`) REFERENCES `WorkoutFrequency` (`Workout_Frequency_id`)
) ENGINE=InnoDB DEFAULT CHARSET=utf8mb3;
/*!40101 SET character_set_client = @saved_cs_client */;

--
-- Dumping data for table `Members`
--

LOCK TABLES `Members` WRITE;
/*!40000 ALTER TABLE `Members` DISABLE KEYS */;
INSERT INTO `Members` VALUES (1,56,1,1,1),(2,46,2,1,2),(3,32,2,1,2),(4,25,1,2,3),(5,38,1,2,3),(6,56,2,3,1),(7,36,1,2,2),(8,40,2,2,2),(9,28,1,1,2),(10,28,1,2,3),(11,41,1,4,3),(12,53,1,2,2),(13,57,1,2,2),(14,41,1,2,3),(15,20,1,2,2),(16,39,2,4,3),(17,19,2,2,2),(18,41,2,2,3),(19,47,2,2,2),(20,55,2,4,3),(21,19,1,1,2),(22,38,1,4,3),(23,50,2,4,3),(24,29,1,4,3),(25,39,2,1,2),(26,42,2,2,2),(27,44,1,4,3),(28,59,1,1,2),(29,45,1,3,1),(30,33,2,2,2),(31,32,1,2,3),(32,20,2,1,2),(33,54,2,4,3),(34,24,2,4,3),(35,38,1,3,1),(36,26,1,2,3),(37,56,2,1,2),(38,35,1,2,2),(39,21,1,1,2),(40,42,1,2,2),(41,31,2,4,3),(42,26,2,2,3),(43,43,1,1,2),(44,19,2,4,3),(45,37,1,4,3),(46,45,1,2,3),(47,24,1,2,3),(48,25,1,4,3),(49,52,2,2,3),(50,31,2,1,2),(51,34,2,2,2),(52,53,1,3,1),(53,57,1,2,3),(54,21,1,2,3),(55,19,2,2,3),(56,23,1,1,2),(57,59,2,2,2),(58,21,2,2,3),(59,46,2,1,1),(60,35,2,4,3),(61,43,2,2,2),(62,51,2,1,2),(63,27,1,3,1),(64,53,1,2,2),(65,31,2,3,1),(66,48,2,4,3),(67,32,1,3,1),(68,25,2,2,3),(69,31,2,1,1),(70,40,1,1,2),(71,57,2,3,1),(72,38,2,2,2),(73,33,2,1,2),(74,35,1,2,2),(75,41,1,1,2),(76,43,1,2,3),(77,42,2,2,3),(78,58,2,4,3),(79,46,1,4,3),(80,32,2,3,1),(81,18,2,4,3),(82,42,2,3,1),(83,24,2,2,3),(84,26,2,4,3),(85,41,1,2,2),(86,18,2,1,2),(87,25,1,2,2),(88,41,2,1,2),(89,28,1,1,2),(90,34,2,4,3),(91,25,1,1,1),(92,52,2,1,1),(93,52,1,2,2),(94,50,2,2,3),(95,22,1,2,2),(96,59,2,2,3),(97,56,1,4,3),(98,58,1,2,3),(99,45,2,1,2),(100,24,2,1,1),(101,26,1,2,2),(102,25,2,1,2),(103,29,1,2,2),(104,51,1,2,3),(105,50,1,2,3),(106,40,2,3,1),(107,41,1,4,3),(108,54,1,3,1),(109,52,2,2,2),(110,57,2,1,2),(111,39,2,2,2),(112,44,2,1,2),(113,52,1,1,1),(114,18,1,1,1),(115,52,1,1,2),(116,54,1,2,3),(117,31,2,2,2),(118,20,1,3,1),(119,18,1,4,3),(120,22,2,1,2),(121,43,1,1,2),(122,31,1,2,2),(123,56,1,4,3),(124,44,1,1,2),(125,26,1,3,1),(126,32,1,2,3),(127,32,2,4,3),(128,43,2,1,1),(129,59,1,2,3),(130,30,1,3,1),(131,49,2,2,2),(132,56,1,2,3),(133,49,1,3,1),(134,21,1,2,2),(135,47,2,1,2),(136,54,1,4,3),(137,40,2,2,2),(138,56,1,4,3),(139,32,2,4,3),(140,46,2,1,1),(141,53,1,2,3),(142,30,2,1,2),(143,49,1,4,3),(144,24,2,1,2),(145,39,1,2,3),(146,45,1,1,1),(147,19,2,2,2),(148,59,1,2,3),(149,23,1,2,3),(150,45,2,2,3),(151,45,1,2,2),(152,37,1,4,3),(153,47,2,1,1),(154,28,2,2,2),(155,45,1,4,3),(156,42,1,1,2),(157,56,2,1,2),(158,50,2,2,3),(159,18,1,4,3),(160,44,2,2,3),(161,30,1,2,2),(162,58,1,2,2),(163,20,1,2,2),(164,56,1,1,1),(165,23,1,1,1),(166,25,2,1,2),(167,44,2,3,1),(168,26,2,2,3),(169,54,2,4,3),(170,50,1,4,3),(171,59,1,2,3),(172,41,1,1,2),(173,32,1,3,1),(174,49,2,2,3),(175,49,1,2,3),(176,41,1,2,2),(177,58,2,1,1),(178,29,2,2,3),(179,56,2,2,2),(180,19,2,2,3),(181,20,1,2,3),(182,54,1,3,1),(183,34,2,3,1),(184,19,1,4,3),(185,19,1,1,1),(186,45,1,1,2),(187,40,2,3,1),(188,54,1,1,2),(189,49,2,2,2),(190,50,1,1,2),(191,18,1,1,2),(192,36,1,2,3),(193,19,2,2,3),(194,43,1,4,3),(195,49,2,2,2),(196,23,2,2,3),(197,49,2,1,2),(198,21,1,1,1),(199,28,1,2,3),(200,34,1,1,2),(201,55,1,1,2),(202,41,2,3,1),(203,22,2,2,3),(204,51,2,1,2),(205,23,1,1,1),(206,39,2,3,1),(207,28,1,2,2),(208,33,2,1,2),(209,50,1,1,2),(210,26,1,1,1),(211,23,2,1,2),(212,33,2,2,3),(213,46,2,1,1),(214,20,2,2,2),(215,37,1,2,2),(216,53,2,2,3),(217,36,2,1,2),(218,43,2,4,3),(219,20,1,1,2),(220,36,1,4,3),(221,37,2,2,2),(222,49,1,1,1),(223,24,2,2,3),(224,58,1,1,1),(225,50,1,2,2),(226,57,1,3,1),(227,56,1,2,2),(228,35,2,1,2),(229,57,2,1,2),(230,18,2,1,1),(231,28,1,2,2),(232,45,2,2,3),(233,42,2,2,2),(234,40,2,1,1),(235,48,1,1,2),(236,47,1,1,2),(237,59,1,2,2),(238,52,2,1,1),(239,24,2,4,3),(240,33,2,1,2),(241,43,1,4,3),(242,19,1,4,3),(243,18,2,4,3),(244,29,1,2,3),(245,22,1,2,2),(246,54,1,4,3),(247,49,1,1,2),(248,26,2,2,3),(249,58,1,4,3),(250,52,1,4,3),(251,36,1,2,3),(252,33,1,2,2),(253,20,2,1,2),(254,37,2,2,2),(255,41,1,1,2),(256,50,1,4,3),(257,41,1,1,1),(258,28,1,1,2),(259,25,1,2,2),(260,53,1,4,3),(261,55,2,4,3),(262,57,1,4,3),(263,37,2,2,3),(264,52,2,2,2),(265,42,1,2,2),(266,52,2,2,2),(267,42,2,2,2),(268,46,2,1,1),(269,35,2,1,2),(270,35,2,3,1),(271,19,2,4,3),(272,52,1,2,3),(273,33,2,2,3),(274,58,2,2,2),(275,53,2,3,1),(276,50,1,4,3),(277,21,2,3,1),(278,50,1,4,3),(279,31,2,1,1),(280,38,1,4,3),(281,37,1,4,3),(282,25,2,2,2),(283,24,2,2,3),(284,20,1,4,3),(285,34,2,2,3),(286,50,1,3,1),(287,29,1,1,2),(288,39,1,4,3),(289,39,1,1,2),(290,47,1,1,2),(291,55,2,4,3),(292,55,1,1,2),(293,25,1,4,3),(294,44,2,2,3),(295,44,1,1,2),(296,51,2,2,3),(297,38,2,2,2),(298,47,2,2,2),(299,50,1,4,3),(300,45,1,2,2),(301,50,1,4,3),(302,22,2,1,1),(303,36,1,1,2),(304,21,2,1,1),(305,52,1,2,2),(306,34,2,4,3),(307,45,1,1,2),(308,47,1,3,1),(309,46,1,2,2),(310,23,2,3,1),(311,52,2,1,1),(312,58,1,4,3),(313,54,1,4,3),(314,41,2,1,2),(315,46,2,1,2),(316,48,2,1,1),(317,52,1,1,1),(318,50,2,4,3),(319,38,1,2,3),(320,49,2,1,2),(321,40,1,4,3),(322,50,2,1,1),(323,20,2,2,2),(324,35,2,1,2),(325,42,2,4,3),(326,59,2,2,2),(327,48,1,2,2),(328,20,2,1,2),(329,57,2,2,3),(330,41,2,2,2),(331,49,1,1,1),(332,39,2,4,3),(333,40,1,4,3),(334,19,2,4,3),(335,44,2,2,2),(336,59,1,2,2),(337,19,2,1,2),(338,43,1,2,3),(339,34,1,4,3),(340,57,2,2,2),(341,50,1,1,2),(342,26,2,3,1),(343,56,2,2,3),(344,46,1,2,2),(345,59,1,2,2),(346,43,1,2,2),(347,52,1,2,2),(348,42,2,2,2),(349,41,2,3,1),(350,30,1,4,3),(351,24,2,2,3),(352,53,2,2,2),(353,37,2,1,2),(354,18,2,2,3),(355,25,1,2,3),(356,33,1,4,3),(357,31,2,1,1),(358,29,1,4,3),(359,40,1,2,3),(360,32,1,2,3),(361,45,2,2,3),(362,51,2,2,3),(363,19,2,2,2),(364,49,1,2,3),(365,40,2,3,1),(366,39,2,2,3),(367,42,1,2,2),(368,39,2,1,1),(369,39,2,2,2),(370,59,1,1,2),(371,23,1,4,3),(372,32,1,4,3),(373,54,2,1,2),(374,50,2,1,1),(375,25,2,2,2),(376,22,1,1,2),(377,56,1,1,2),(378,21,2,1,2),(379,23,2,4,3),(380,49,1,2,2),(381,47,1,3,1),(382,52,1,4,3),(383,57,1,1,2),(384,33,2,4,3),(385,30,1,2,2),(386,59,2,4,3),(387,47,2,2,2),(388,36,2,1,2),(389,34,1,2,3),(390,36,1,1,2),(391,45,1,1,2),(392,43,1,3,1),(393,54,2,4,3),(394,43,1,4,3),(395,40,1,2,3),(396,26,2,3,1),(397,29,1,1,1),(398,18,2,1,2),(399,18,2,1,1),(400,51,2,1,2),(401,49,2,1,2),(402,42,2,2,3),(403,57,2,1,2),(404,18,2,2,3),(405,33,2,1,1),(406,56,1,2,2),(407,22,1,1,2),(408,39,1,2,3),(409,46,1,2,3),(410,20,2,4,3),(411,29,1,4,3),(412,43,2,4,3),(413,33,1,1,1),(414,54,1,1,2),(415,39,1,4,3),(416,46,2,2,3),(417,31,1,1,2),(418,45,2,1,2),(419,22,2,2,2),(420,47,1,1,1),(421,22,1,1,2),(422,29,1,3,1),(423,33,2,3,1),(424,43,1,4,3),(425,43,2,3,1),(426,38,2,4,3),(427,56,1,3,1),(428,53,1,2,3),(429,50,2,3,1),(430,47,2,3,1),(431,54,2,1,1),(432,40,1,2,2),(433,27,2,2,3),(434,22,1,2,3),(435,53,2,1,2),(436,51,2,2,3),(437,48,1,2,2),(438,27,2,4,3),(439,36,1,3,1),(440,49,1,1,2),(441,18,2,3,1),(442,22,1,2,3),(443,21,1,1,1),(444,33,2,3,1),(445,41,1,2,2),(446,33,1,1,2),(447,19,1,1,2),(448,45,2,4,3),(449,49,1,2,2),(450,44,2,4,3),(451,37,2,4,3),(452,41,1,4,3),(453,29,1,4,3),(454,52,1,4,3),(455,50,2,4,3),(456,50,1,1,1),(457,54,1,2,2),(458,29,1,3,1),(459,20,1,2,2),(460,18,1,2,3),(461,50,2,1,2),(462,57,2,2,2),(463,27,1,4,3),(464,46,1,2,2),(465,30,1,4,3),(466,29,1,1,2),(467,48,2,1,2),(468,19,1,4,3),(469,52,2,2,3),(470,40,2,1,2),(471,34,1,2,2),(472,43,2,2,3),(473,25,2,3,1),(474,46,2,4,3),(475,43,2,2,2),(476,27,1,1,1),(477,43,1,2,3),(478,51,2,2,3),(479,58,1,4,3),(480,24,1,2,3),(481,21,1,2,3),(482,28,1,2,2),(483,46,1,4,3),(484,53,2,2,2),(485,42,1,3,1),(486,38,1,3,1),(487,53,1,1,2),(488,27,1,2,3),(489,54,2,1,2),(490,26,2,1,2),(491,41,2,1,2),(492,52,2,2,3),(493,52,1,3,1),(494,53,2,1,2),(495,35,1,4,3),(496,56,1,4,3),(497,49,1,1,2),(498,41,1,3,1),(499,40,1,2,2),(500,49,2,2,2),(501,54,2,4,3),(502,29,2,1,2),(503,30,2,2,2),(504,40,1,4,3),(505,42,2,4,3),(506,52,1,1,2),(507,58,2,2,3),(508,47,1,2,2),(509,34,1,4,3),(510,37,2,4,3),(511,42,1,4,3),(512,39,1,3,1),(513,30,2,1,1),(514,36,1,3,1),(515,53,2,1,2),(516,29,2,4,3),(517,58,2,1,2),(518,36,1,1,2),(519,29,1,1,1),(520,26,1,4,3),(521,24,2,2,2),(522,45,1,2,3),(523,31,2,4,3),(524,48,2,1,2),(525,36,1,1,2),(526,33,2,2,3),(527,22,1,4,3),(528,52,1,1,2),(529,29,1,1,2),(530,42,1,1,1),(531,38,1,3,1),(532,53,2,2,2),(533,40,2,4,3),(534,33,2,1,2),(535,56,1,1,2),(536,59,1,2,3),(537,56,1,3,1),(538,31,2,2,3),(539,48,1,3,1),(540,22,2,2,2),(541,52,2,1,2),(542,40,1,1,2),(543,46,1,3,1),(544,28,2,2,2),(545,35,1,1,2),(546,29,2,2,3),(547,26,1,2,2),(548,27,1,4,3),(549,34,2,1,2),(550,55,1,1,2),(551,24,2,2,2),(552,30,1,2,3),(553,57,2,2,3),(554,59,2,2,2),(555,26,1,4,3),(556,44,2,4,3),(557,19,1,2,3),(558,22,1,3,1),(559,46,1,1,2),(560,54,2,2,3),(561,55,2,2,3),(562,36,1,2,3),(563,25,1,2,2),(564,18,2,2,2),(565,39,1,4,3),(566,34,1,4,3),(567,24,2,4,3),(568,42,1,2,2),(569,21,2,2,2),(570,53,1,2,3),(571,23,2,4,3),(572,48,1,2,3),(573,36,1,3,1),(574,56,2,4,3),(575,44,1,1,2),(576,27,2,1,2),(577,43,1,2,3),(578,36,2,2,3),(579,56,2,4,3),(580,20,2,2,2),(581,30,2,1,2),(582,45,1,1,2),(583,37,1,1,2),(584,45,2,4,3),(585,25,2,1,1),(586,58,2,1,2),(587,56,1,2,3),(588,18,1,1,1),(589,20,1,2,2),(590,30,1,1,2),(591,45,2,1,2),(592,42,2,3,1),(593,50,2,1,2),(594,55,1,2,3),(595,23,1,4,3),(596,49,1,1,1),(597,38,2,2,3),(598,33,2,2,3),(599,38,1,1,2),(600,28,2,1,2),(601,54,1,2,2),(602,53,1,3,1),(603,52,2,2,3),(604,36,1,2,3),(605,37,2,4,3),(606,35,1,3,1),(607,58,2,1,2),(608,31,2,4,3),(609,32,2,3,1),(610,48,1,3,1),(611,18,1,3,1),(612,20,2,1,1),(613,33,2,2,3),(614,40,1,1,2),(615,28,1,1,2),(616,29,1,3,1),(617,27,2,1,2),(618,49,1,1,2),(619,33,1,2,2),(620,25,2,4,3),(621,55,1,1,2),(622,29,1,1,1),(623,41,1,3,1),(624,45,2,2,3),(625,25,2,4,3),(626,45,2,2,3),(627,53,2,1,2),(628,43,2,3,1),(629,25,2,2,3),(630,45,2,1,2),(631,45,1,3,1),(632,54,1,2,2),(633,58,2,1,2),(634,53,1,2,2),(635,44,1,1,2),(636,34,2,2,3),(637,26,1,2,2),(638,50,1,1,2),(639,37,1,3,1),(640,30,1,1,2),(641,45,1,2,2),(642,46,2,2,3),(643,30,2,2,2),(644,52,2,2,3),(645,23,1,4,3),(646,35,2,1,2),(647,22,1,3,1),(648,42,1,2,3),(649,19,1,1,2),(650,27,1,1,1),(651,47,2,2,3),(652,22,2,2,2),(653,50,1,1,2),(654,18,2,2,2),(655,35,1,2,3),(656,49,2,4,3),(657,28,2,2,2),(658,38,1,1,2),(659,43,2,4,3),(660,42,1,2,2),(661,39,2,4,3),(662,44,1,1,2),(663,30,1,4,3),(664,50,2,3,1),(665,51,2,4,3),(666,58,1,2,3),(667,52,2,4,3),(668,18,2,4,3),(669,38,1,1,1),(670,23,1,1,1),(671,45,2,4,3),(672,34,1,1,2),(673,22,1,1,2),(674,48,1,1,1),(675,22,2,2,2),(676,55,2,2,3),(677,20,1,1,2),(678,40,2,2,2),(679,54,1,2,3),(680,54,2,1,2),(681,27,1,4,3),(682,27,1,1,2),(683,36,2,2,3),(684,34,1,1,2),(685,38,2,1,2),(686,31,2,2,2),(687,26,1,2,3),(688,18,1,2,2),(689,30,2,1,2),(690,21,1,2,2),(691,18,1,2,2),(692,57,1,1,2),(693,49,1,3,1),(694,51,1,4,3),(695,45,2,3,1),(696,48,2,2,2),(697,25,1,2,3),(698,56,1,4,3),(699,43,1,2,3),(700,51,2,1,2),(701,20,1,2,2),(702,29,2,1,2),(703,18,2,2,2),(704,22,2,1,2),(705,47,1,2,3),(706,47,2,2,3),(707,34,1,1,2),(708,40,2,2,3),(709,32,1,2,3),(710,54,2,1,2),(711,38,1,1,2),(712,31,2,3,1),(713,19,1,3,1),(714,28,1,1,2),(715,56,1,2,2),(716,55,1,2,2),(717,51,2,1,2),(718,55,2,2,3),(719,51,1,2,2),(720,35,2,3,1),(721,47,1,2,3),(722,32,1,2,2),(723,44,2,1,2),(724,51,1,4,3),(725,55,1,2,3),(726,50,2,2,3),(727,41,1,2,3),(728,32,1,4,3),(729,47,1,1,1),(730,59,1,2,3),(731,34,2,2,2),(732,22,2,2,3),(733,46,2,1,1),(734,21,1,2,3),(735,27,1,2,2),(736,34,2,3,1),(737,27,1,1,1),(738,34,1,4,3),(739,37,1,3,1),(740,41,1,1,2),(741,22,2,1,2),(742,51,2,4,3),(743,23,2,4,3),(744,19,1,2,2),(745,30,2,1,2),(746,28,2,2,2),(747,40,1,1,2),(748,33,1,2,2),(749,48,2,2,3),(750,28,2,2,2),(751,33,2,4,3),(752,25,2,2,2),(753,21,1,2,2),(754,57,2,3,1),(755,21,2,4,3),(756,42,1,2,3),(757,20,2,4,3),(758,49,1,2,3),(759,20,1,4,3),(760,44,1,3,1),(761,46,2,2,3),(762,49,2,2,3),(763,36,1,2,2),(764,38,2,1,2),(765,22,2,1,2),(766,35,1,4,3),(767,45,1,2,2),(768,59,2,2,3),(769,39,1,4,3),(770,38,2,3,1),(771,23,2,2,3),(772,18,2,2,2),(773,22,2,1,2),(774,58,1,4,3),(775,29,1,1,1),(776,43,1,2,3),(777,51,1,2,2),(778,31,2,1,1),(779,43,2,1,2),(780,44,1,3,1),(781,26,2,4,3),(782,43,2,1,2),(783,39,2,4,3),(784,47,1,2,2),(785,34,1,1,1),(786,43,1,4,3),(787,53,2,2,2),(788,18,1,2,3),(789,25,1,1,2),(790,52,1,2,2),(791,32,1,1,1),(792,39,1,1,2),(793,31,1,4,3),(794,43,2,2,3),(795,45,2,4,3),(796,40,1,4,3),(797,31,1,4,3),(798,41,2,1,1),(799,19,2,1,2),(800,43,1,2,2),(801,31,1,4,3),(802,24,1,1,1),(803,20,1,2,2),(804,40,2,2,3),(805,35,1,1,2),(806,55,1,2,2),(807,52,1,4,3),(808,32,1,2,2),(809,42,2,1,2),(810,54,2,4,3),(811,45,2,1,1),(812,27,1,3,1),(813,56,1,2,2),(814,34,2,1,2),(815,56,1,2,2),(816,39,1,2,2),(817,43,2,1,2),(818,42,2,2,3),(819,34,2,1,2),(820,30,2,1,1),(821,37,1,1,2),(822,42,1,4,3),(823,21,2,2,2),(824,27,1,2,3),(825,20,2,4,3),(826,58,2,4,3),(827,35,1,4,3),(828,53,2,1,2),(829,39,1,1,2),(830,51,1,4,3),(831,25,1,1,1),(832,57,1,3,1),(833,36,2,3,1),(834,59,1,2,3),(835,58,2,1,2),(836,54,2,1,1),(837,23,2,2,2),(838,43,2,4,3),(839,51,1,4,3),(840,23,1,1,2),(841,54,2,3,1),(842,50,2,1,2),(843,39,1,1,2),(844,38,2,4,3),(845,23,1,1,2),(846,23,2,1,1),(847,21,1,4,3),(848,47,2,1,2),(849,28,2,3,1),(850,47,1,4,3),(851,48,2,1,2),(852,41,2,2,3),(853,26,1,1,2),(854,20,2,2,2),(855,48,1,1,2),(856,57,1,2,2),(857,54,2,2,3),(858,53,2,1,1),(859,41,2,1,2),(860,48,2,2,3),(861,23,2,1,2),(862,19,2,1,2),(863,37,2,4,3),(864,45,1,1,1),(865,28,2,3,1),(866,21,1,4,3),(867,32,2,1,1),(868,23,2,2,3),(869,47,1,4,3),(870,55,2,4,3),(871,19,2,3,1),(872,32,1,2,2),(873,28,2,4,3),(874,25,2,2,2),(875,43,2,2,2),(876,22,1,4,3),(877,23,2,3,1),(878,43,2,1,1),(879,21,2,2,2),(880,36,2,1,1),(881,37,1,1,2),(882,50,1,1,1),(883,37,2,2,2),(884,29,2,2,2),(885,18,1,2,3),(886,43,1,3,1),(887,31,2,1,2),(888,55,1,2,3),(889,54,2,4,3),(890,28,1,1,2),(891,53,1,2,2),(892,30,1,1,2),(893,20,1,3,1),(894,50,2,4,3),(895,23,1,2,2),(896,27,1,2,3),(897,22,2,3,1),(898,40,1,3,1),(899,27,1,2,2),(900,19,2,2,2),(901,30,1,4,3),(902,57,2,2,2),(903,19,2,3,1),(904,37,2,1,2),(905,18,2,4,3),(906,54,1,2,2),(907,26,2,1,1),(908,34,1,4,3),(909,26,1,4,3),(910,28,1,1,2),(911,32,1,1,1),(912,41,1,4,3),(913,55,1,2,3),(914,52,1,4,3),(915,47,1,2,3),(916,48,1,1,2),(917,22,1,2,2),(918,31,2,1,2),(919,28,2,2,2),(920,26,2,4,3),(921,51,1,1,1),(922,29,2,1,2),(923,52,2,1,1),(924,52,2,2,2),(925,18,1,2,3),(926,57,1,2,2),(927,39,1,2,3),(928,46,1,1,2),(929,25,2,4,3),(930,28,2,2,3),(931,58,2,1,1),(932,54,2,2,3),(933,31,1,1,1),(934,47,1,2,3),(935,52,1,1,2),(936,38,2,2,2),(937,54,1,1,2),(938,22,1,4,3),(939,36,2,4,3),(940,31,2,2,3),(941,43,1,4,3),(942,21,1,2,2),(943,42,1,1,1),(944,59,1,3,1),(945,42,1,2,2),(946,35,1,1,2),(947,57,2,2,2),(948,25,2,2,3),(949,56,2,3,1),(950,57,1,2,2),(951,31,2,1,2),(952,49,1,4,3),(953,55,1,1,2),(954,50,2,2,2),(955,40,1,3,1),(956,32,1,2,2),(957,50,2,2,3),(958,42,2,1,1),(959,34,2,2,3),(960,50,1,1,2),(961,19,2,2,3),(962,31,2,1,2),(963,57,1,1,1),(964,57,2,4,3),(965,56,2,3,1),(966,23,2,4,3),(967,23,1,3,1),(968,20,1,1,2),(969,24,1,1,1),(970,25,1,4,3),(971,59,2,3,1),(972,32,1,2,2),(973,46,1,4,3);
/*!40000 ALTER TABLE `Members` ENABLE KEYS */;
UNLOCK TABLES;

--
-- Table structure for table `WorkoutFrequency`
--

DROP TABLE IF EXISTS `WorkoutFrequency`;
/*!40101 SET @saved_cs_client     = @@character_set_client */;
/*!50503 SET character_set_client = utf8mb4 */;
CREATE TABLE `WorkoutFrequency` (
  `Workout_Frequency_id` int NOT NULL,
  `Workout_Frequency` int DEFAULT NULL,
  PRIMARY KEY (`Workout_Frequency_id`)
) ENGINE=InnoDB DEFAULT CHARSET=utf8mb3;
/*!40101 SET character_set_client = @saved_cs_client */;

--
-- Dumping data for table `WorkoutFrequency`
--

LOCK TABLES `WorkoutFrequency` WRITE;
/*!40000 ALTER TABLE `WorkoutFrequency` DISABLE KEYS */;
INSERT INTO `WorkoutFrequency` VALUES (1,4),(2,3),(3,5),(4,2);
/*!40000 ALTER TABLE `WorkoutFrequency` ENABLE KEYS */;
UNLOCK TABLES;

--
-- Table structure for table `WorkoutSession`
--

DROP TABLE IF EXISTS `WorkoutSession`;
/*!40101 SET @saved_cs_client     = @@character_set_client */;
/*!50503 SET character_set_client = utf8mb4 */;
CREATE TABLE `WorkoutSession` (
  `Session_id` int NOT NULL,
  `Member_id` int NOT NULL,
  `Workout_Type_id` int NOT NULL,
  `Max_BPM` int NOT NULL,
  `Avg_BPM` int NOT NULL,
  `Resting_BPM` int NOT NULL,
  `Session_Duration_Hours` float NOT NULL,
  `Calories_Burned` int NOT NULL,
  PRIMARY KEY (`Session_id`),
  KEY `fk_WorkoutSession_Members1_idx` (`Member_id`),
  KEY `fk_WorkoutSession_WorkoutType1_idx` (`Workout_Type_id`),
  CONSTRAINT `fk_WorkoutSession_Members1` FOREIGN KEY (`Member_id`) REFERENCES `Members` (`Member_id`),
  CONSTRAINT `fk_WorkoutSession_WorkoutType1` FOREIGN KEY (`Workout_Type_id`) REFERENCES `WorkoutType` (`Workout_Type_id`)
) ENGINE=InnoDB DEFAULT CHARSET=utf8mb3;
/*!40101 SET character_set_client = @saved_cs_client */;

--
-- Dumping data for table `WorkoutSession`
--

LOCK TABLES `WorkoutSession` WRITE;
/*!40000 ALTER TABLE `WorkoutSession` DISABLE KEYS */;
INSERT INTO `WorkoutSession` VALUES (1,1,1,180,157,60,1.69,1313),(2,2,2,179,151,66,1.3,883),(3,3,3,167,122,54,1.11,677),(4,4,4,190,164,56,0.59,532),(5,5,4,188,158,68,0.64,556),(6,6,2,168,156,74,1.59,1116),(7,7,3,174,169,73,1.49,1385),(8,8,3,189,141,64,1.27,895),(9,9,4,185,127,52,1.03,719),(10,10,3,169,136,64,1.08,808),(11,11,2,188,146,54,0.82,593),(12,12,2,175,152,72,1.15,865),(13,13,3,195,165,61,1.24,1013),(14,14,2,179,136,69,1.18,794),(15,15,1,196,161,54,1.35,1195),(16,16,4,181,131,52,1.13,740),(17,17,2,166,167,58,1.33,1111),(18,18,3,182,165,58,1.19,884),(19,19,4,199,146,56,1.13,742),(20,20,2,188,167,51,1.37,1030),(21,21,4,175,127,72,1.5,1048),(22,22,3,197,142,72,1.12,875),(23,23,1,187,161,70,1.17,848),(24,24,1,197,168,65,0.78,721),(25,25,2,190,148,58,1.25,925),(26,26,1,173,169,62,1.42,1080),(27,27,2,192,139,68,0.73,502),(28,28,4,168,135,69,1.48,989),(29,29,2,186,136,66,1.64,1104),(30,30,2,183,135,55,1.29,871),(31,31,2,172,138,53,1.27,964),(32,32,1,185,127,50,1.03,654),(33,33,2,188,157,67,1.48,1046),(34,34,3,187,157,68,1.04,816),(35,35,2,187,148,58,1.52,1237),(36,36,4,167,160,62,1.32,1162),(37,37,3,182,155,57,1.26,879),(38,38,4,188,145,72,1.34,1069),(39,39,4,164,150,62,1.3,1072),(40,40,4,166,163,64,1.31,1057),(41,41,3,195,131,60,1.48,969),(42,42,3,186,136,61,1.08,734),(43,43,1,161,134,63,1.45,962),(44,44,3,184,128,53,1.14,730),(45,45,2,168,158,50,1.5,1304),(46,46,4,186,161,73,1.2,956),(47,47,1,160,167,53,0.84,772),(48,48,3,182,131,68,1.41,1016),(49,49,4,169,151,58,1.23,836),(50,50,3,184,144,59,1.03,742),(51,51,1,162,158,53,1.42,1122),(52,52,3,165,137,69,1.67,1133),(53,53,3,165,134,58,1.13,750),(54,54,4,161,151,62,1.26,1046),(55,55,2,177,125,61,0.81,506),(56,56,3,182,163,60,1.47,1318),(57,57,1,161,162,61,1.4,1021),(58,58,3,171,154,67,1.08,832),(59,59,3,181,153,61,1.67,1150),(60,60,2,196,157,65,0.56,440),(61,61,4,179,124,54,1.04,580),(62,62,1,198,137,69,1.08,666),(63,63,4,183,135,74,1.75,1299),(64,64,4,179,127,61,1.23,773),(65,65,4,160,144,70,1.97,1418),(66,66,3,160,151,74,0.62,421),(67,67,2,176,145,60,1.99,1587),(68,68,3,160,141,58,0.89,627),(69,69,1,189,150,67,1.81,1358),(70,70,2,162,162,74,1.32,1176),(71,71,4,170,129,52,1.73,1004),(72,72,2,183,131,69,1.47,963),(73,73,1,181,147,66,1.07,786),(74,74,3,185,125,63,1.08,743),(75,75,3,172,139,50,1.13,777),(76,76,4,160,124,66,1.08,663),(77,77,3,183,142,74,1.37,875),(78,78,3,169,128,57,0.63,363),(79,79,1,194,148,54,1.18,864),(80,80,2,183,135,54,1.87,1262),(81,81,3,187,165,58,1.2,990),(82,82,1,195,141,52,1.78,1129),(83,83,1,175,127,68,0.86,546),(84,84,4,199,139,72,1.08,751),(85,85,1,175,133,58,1.13,744),(86,86,4,176,158,71,1.27,1003),(87,87,3,174,156,67,1.34,1150),(88,88,4,175,169,65,1.45,1103),(89,89,1,174,153,50,1.09,917),(90,90,2,193,130,51,0.64,416),(91,91,2,170,159,63,1.93,1688),(92,92,3,160,152,63,1.8,1231),(93,93,3,174,150,50,1.26,936),(94,94,2,185,163,74,1.26,924),(95,95,4,163,153,65,1.25,1052),(96,96,3,164,169,64,0.58,441),(97,97,1,194,126,64,1.29,805),(98,98,3,172,168,61,1.33,1106),(99,99,4,169,142,65,1.15,735),(100,100,3,170,165,63,1.97,1625),(101,101,1,177,126,73,1.16,804),(102,102,1,193,144,64,1.49,1073),(103,103,1,198,122,72,1.2,805),(104,104,4,182,157,64,0.54,420),(105,105,4,166,139,68,0.97,667),(106,106,1,198,153,57,1.79,1369),(107,107,1,162,168,51,0.51,424),(108,108,4,171,163,51,1.74,1404),(109,109,4,166,163,59,1.39,1020),(110,110,4,185,149,52,1.01,677),(111,111,2,192,136,72,1.44,979),(112,112,4,196,129,66,1.41,819),(113,113,1,174,154,57,1.78,1357),(114,114,2,161,139,72,1.72,1315),(115,115,4,166,137,53,1.01,685),(116,116,1,191,164,63,0.55,446),(117,117,3,163,163,70,1.09,888),(118,118,2,179,146,59,1.69,1357),(119,119,1,195,168,50,1.41,1303),(120,120,3,191,155,53,1.02,790),(121,121,1,187,142,50,1.22,858),(122,122,4,172,151,66,1.29,1071),(123,123,4,160,129,66,1,639),(124,124,3,194,130,56,1.28,824),(125,125,4,189,157,72,1.97,1701),(126,126,1,195,125,69,1.28,880),(127,127,3,184,160,64,0.51,408),(128,128,1,175,166,62,1.98,1479),(129,129,1,178,153,51,0.66,500),(130,130,1,160,155,68,1.61,1373),(131,131,4,164,156,73,1.24,870),(132,132,4,181,136,62,0.68,458),(133,133,1,183,159,73,1.91,1503),(134,134,2,196,159,60,1.38,1207),(135,135,1,195,131,71,1.42,837),(136,136,1,195,140,64,1.17,811),(137,137,3,163,159,59,1.31,1041),(138,138,1,195,138,58,0.66,451),(139,139,4,177,122,58,1.24,756),(140,140,3,175,137,69,1.69,1042),(141,141,2,177,138,50,0.89,608),(142,142,3,181,166,66,1.26,1046),(143,143,2,161,125,61,1.38,854),(144,144,3,180,135,59,1.42,958),(145,145,3,195,127,54,0.97,678),(146,146,2,198,167,67,1.53,1265),(147,147,4,198,137,64,1.28,877),(148,148,4,188,167,55,1.07,885),(149,149,4,185,162,56,0.7,624),(150,150,3,180,158,66,1.46,1038),(151,151,1,176,168,55,1.46,1214),(152,152,3,175,168,57,0.54,499),(153,153,1,190,131,61,1.95,1150),(154,154,1,168,164,70,1.32,1082),(155,155,4,190,129,63,0.83,530),(156,156,1,173,126,61,1.42,886),(157,157,3,196,165,72,1.23,913),(158,158,3,161,120,59,0.67,362),(159,159,4,173,168,71,1.3,1201),(160,160,2,192,155,69,1.02,711),(161,161,3,194,140,64,1.08,832),(162,162,1,198,156,56,1.49,1151),(163,163,3,179,143,58,1.36,1070),(164,164,3,161,144,59,1.57,1119),(165,165,3,178,126,59,1.55,1074),(166,166,2,196,161,65,1.04,837),(167,167,1,177,136,56,1.58,967),(168,168,4,175,148,54,1.14,844),(169,169,3,163,149,72,1.27,852),(170,170,1,171,126,52,0.92,574),(171,171,1,188,152,67,1.08,813),(172,172,4,166,126,60,1.09,680),(173,173,3,173,143,64,1.52,1195),(174,174,2,171,130,70,1.1,644),(175,175,1,194,128,69,1.46,925),(176,176,4,164,131,54,1.2,778),(177,177,2,176,154,73,1.58,1095),(178,178,1,191,123,61,0.68,418),(179,179,3,169,155,53,1.1,767),(180,180,1,176,147,64,1.05,772),(181,181,2,164,132,58,0.83,603),(182,182,2,168,142,56,1.54,1082),(183,183,3,192,138,59,1.81,1249),(184,184,3,195,161,72,1.28,1133),(185,185,4,195,156,62,1.66,1424),(186,186,3,177,158,57,1.44,1126),(187,187,4,168,143,61,1.87,1337),(188,188,2,188,135,71,1.2,802),(189,189,2,173,152,73,1.37,937),(190,190,1,184,131,68,1.09,707),(191,191,1,174,153,50,1.1,926),(192,192,4,165,126,65,1.23,852),(193,193,3,188,130,71,1.23,800),(194,194,3,174,150,66,1.33,988),(195,195,1,188,148,74,1.03,686),(196,196,2,163,132,67,0.56,370),(197,197,4,177,150,60,1.45,979),(198,198,2,198,121,67,1.71,1138),(199,199,2,175,158,56,1.18,1025),(200,200,3,170,134,67,1.26,929),(201,201,4,173,130,57,1.03,663),(202,202,2,162,153,55,1.84,1267),(203,203,1,197,158,56,1.49,1177),(204,204,1,177,123,72,1.08,598),(205,205,3,179,130,71,1.79,1280),(206,206,1,184,148,59,1.95,1443),(207,207,1,197,121,60,1.2,799),(208,208,2,172,135,74,1.18,796),(209,209,1,163,158,62,1.37,1071),(210,210,1,173,132,58,1.71,1241),(211,211,2,192,156,56,1.47,1147),(212,212,3,187,136,58,1.08,734),(213,213,3,196,140,62,1.83,1153),(214,214,4,167,163,52,1.28,1043),(215,215,1,193,138,52,1.11,842),(216,216,2,164,126,50,1.24,703),(217,217,4,164,157,70,1.13,887),(218,218,3,190,127,69,1.28,732),(219,219,3,168,132,51,1.35,980),(220,220,2,191,156,74,1.19,1021),(221,221,4,192,121,52,1.21,732),(222,222,4,162,160,64,1.87,1481),(223,223,2,189,130,73,0.63,410),(224,224,2,171,143,55,1.57,1111),(225,225,4,188,125,62,1.46,903),(226,226,3,162,145,70,1.8,1292),(227,227,1,185,126,50,1.09,680),(228,228,3,189,158,69,1,790),(229,229,2,168,138,68,1.45,900),(230,230,4,185,125,50,1.87,1169),(231,231,4,161,162,70,1.16,1034),(232,232,1,162,148,71,1.44,959),(233,233,4,163,162,51,1.29,940),(234,234,1,184,158,64,1.55,1224),(235,235,3,172,121,63,1.36,815),(236,236,3,198,138,68,1.2,820),(237,237,4,194,123,60,1.13,688),(238,238,4,182,125,64,1.6,900),(239,239,2,168,168,55,0.99,832),(240,240,2,161,156,69,1.29,1006),(241,241,4,190,147,58,0.82,597),(242,242,4,161,149,54,1.31,1074),(243,243,3,191,126,69,1.11,699),(244,244,4,177,128,51,1.41,993),(245,245,2,172,144,55,1.16,919),(246,246,3,164,152,67,0.77,579),(247,247,1,169,120,72,1.4,832),(248,248,2,184,125,68,0.81,506),(249,249,2,193,137,58,1.09,739),(250,250,3,196,129,70,0.93,594),(251,251,1,189,147,73,1.33,1075),(252,252,2,166,130,55,1.04,744),(253,253,4,165,152,63,1.39,1056),(254,254,2,162,120,73,1.11,666),(255,255,3,172,132,62,1.01,660),(256,256,3,162,156,60,1.31,1012),(257,257,3,185,139,61,1.69,1163),(258,258,2,183,120,68,1.33,878),(259,259,1,165,122,68,1.15,772),(260,260,4,171,137,70,0.52,353),(261,261,3,195,160,68,1.06,763),(262,262,1,161,133,73,0.96,632),(263,263,4,170,150,62,1.31,982),(264,264,3,198,146,63,1.34,880),(265,265,4,193,136,73,1.01,680),(266,266,4,185,165,67,1.36,1010),(267,267,1,177,148,61,1.07,713),(268,268,4,180,155,53,1.52,1060),(269,269,3,195,156,59,1.03,803),(270,270,1,199,145,66,1.63,1182),(271,271,2,181,136,53,1.4,952),(272,272,2,189,141,61,1.36,949),(273,273,1,189,144,62,0.92,662),(274,274,2,167,121,53,1.12,610),(275,275,4,193,141,59,1.52,964),(276,276,3,168,124,74,0.81,497),(277,277,4,179,123,52,1.97,1212),(278,278,1,199,155,64,1.48,1136),(279,279,3,184,125,51,1.54,962),(280,280,1,178,140,74,0.8,616),(281,281,1,164,132,74,1.39,1009),(282,282,1,170,156,66,1.35,1053),(283,283,4,174,144,55,0.83,598),(284,284,3,167,145,57,0.63,502),(285,285,3,178,158,52,1.47,1161),(286,286,3,182,139,74,1.79,1232),(287,287,4,186,152,67,1.36,1137),(288,288,2,199,133,71,0.81,593),(289,289,4,191,155,50,1.1,938),(290,290,4,185,136,65,1.37,922),(291,291,1,186,140,56,0.9,567),(292,292,3,178,165,52,1.13,923),(293,293,3,188,135,72,1.42,1054),(294,294,2,198,165,53,1.41,1047),(295,295,2,192,135,58,1.4,936),(296,296,1,178,139,54,1.4,876),(297,297,3,196,148,68,1.07,792),(298,298,2,178,147,64,1.48,979),(299,299,2,192,127,57,0.53,333),(300,300,3,175,143,55,1.03,729),(301,301,4,182,122,67,0.77,465),(302,302,2,166,144,68,1.62,1166),(303,303,3,185,138,73,1.3,987),(304,304,2,191,152,64,1.94,1474),(305,305,1,171,121,56,1.46,874),(306,306,2,167,134,59,1.36,911),(307,307,3,164,141,55,1.14,796),(308,308,2,187,129,63,1.85,1181),(309,309,1,164,137,66,1.43,970),(310,310,1,185,141,58,1.67,1177),(311,311,2,164,165,68,1.83,1359),(312,312,2,181,168,54,1.01,840),(313,313,1,174,146,72,0.81,585),(314,314,1,172,132,56,1.4,832),(315,315,4,187,152,68,1,684),(316,316,4,192,124,69,1.98,1105),(317,317,1,182,145,56,1.84,1321),(318,318,2,192,132,73,1.25,742),(319,319,3,177,146,51,1.37,1100),(320,320,2,189,133,74,1.16,694),(321,321,2,185,143,72,1.3,1022),(322,322,4,175,122,65,1.85,1016),(323,323,4,172,166,62,1.04,863),(324,324,4,198,168,57,1.13,949),(325,325,1,192,149,55,1.14,764),(326,326,1,185,154,55,1.03,714),(327,327,2,160,167,58,1.48,1223),(328,328,2,197,133,53,1.42,944),(329,329,3,161,131,60,0.69,407),(330,330,2,165,147,54,1.42,939),(331,331,2,197,163,74,1.82,1468),(332,332,4,183,148,66,1.22,903),(333,333,4,177,162,69,0.81,722),(334,334,4,186,136,56,0.96,653),(335,335,4,167,159,64,1.49,1066),(336,336,4,187,168,74,1.35,1123),(337,337,3,169,140,64,1.2,840),(338,338,3,176,142,63,1.17,822),(339,339,3,188,139,62,1.42,1086),(340,340,4,165,130,60,1.44,842),(341,341,1,173,153,62,1.07,810),(342,342,4,181,129,71,1.7,1096),(343,343,4,165,129,73,0.83,482),(344,344,3,185,162,58,1.48,1187),(345,345,4,198,125,59,1.43,885),(346,346,3,171,155,53,1.14,875),(347,347,4,194,143,66,1.31,927),(348,348,2,173,131,63,1.15,678),(349,349,1,181,162,73,1.99,1451),(350,350,1,182,142,67,0.64,500),(351,351,3,166,146,60,1.41,1029),(352,352,2,199,164,65,1.49,1100),(353,353,1,184,156,50,1.13,881),(354,354,3,172,125,56,0.84,525),(355,355,4,180,120,59,0.67,442),(356,356,4,169,125,58,1.38,949),(357,357,2,168,169,74,1.56,1318),(358,358,1,174,141,52,0.64,496),(359,359,4,161,160,71,0.9,792),(360,360,3,184,143,72,0.57,448),(361,361,4,172,144,63,1.37,888),(362,362,4,193,134,74,0.92,555),(363,363,1,193,145,64,1.21,877),(364,364,1,194,127,51,0.7,440),(365,365,3,197,143,73,1.93,1380),(366,366,2,162,167,63,0.92,768),(367,367,2,165,157,65,1.14,886),(368,368,4,178,125,56,1.88,1175),(369,369,3,162,154,53,1.33,1024),(370,370,2,177,161,67,1.3,1036),(371,371,2,198,120,73,1.35,891),(372,372,4,168,165,54,1.42,1289),(373,373,3,171,155,55,1.19,830),(374,374,2,164,131,56,1.6,943),(375,375,1,162,157,64,1.43,1123),(376,376,1,170,130,50,1,715),(377,377,4,189,131,73,1.26,817),(378,378,4,163,161,53,1.37,1103),(379,379,4,164,169,74,1.25,1056),(380,380,4,160,158,50,1.03,806),(381,381,2,186,126,60,1.86,1160),(382,382,3,187,130,67,0.93,598),(383,383,4,188,155,63,1.15,882),(384,384,4,177,150,71,0.85,638),(385,385,2,171,152,60,1.37,1145),(386,386,4,172,132,59,1.22,725),(387,387,4,161,137,66,1.37,845),(388,388,3,196,160,53,1.5,1200),(389,389,1,175,143,73,0.73,574),(390,390,4,183,128,64,1.09,767),(391,391,2,194,150,65,1.31,973),(392,392,3,181,160,70,1.9,1505),(393,393,2,195,129,62,1.24,720),(394,394,3,170,121,58,1.18,707),(395,395,3,188,157,60,1.38,1192),(396,396,4,194,134,60,1.93,1293),(397,397,4,174,122,55,1.52,1020),(398,398,4,190,162,50,1.23,996),(399,399,1,175,150,71,1.9,1425),(400,400,1,169,125,55,1.49,838),(401,401,2,191,122,62,1.14,626),(402,402,4,161,130,71,1.04,608),(403,403,1,183,134,73,1.2,724),(404,404,4,182,164,71,0.6,492),(405,405,1,161,147,54,1.77,1301),(406,406,1,197,129,64,1,639),(407,407,3,190,157,67,1.48,1278),(408,408,4,199,166,69,1.32,1205),(409,409,4,185,169,63,1.4,1171),(410,410,1,188,169,64,0.5,422),(411,411,4,162,126,54,1.45,1005),(412,412,1,173,134,53,0.73,440),(413,413,4,184,137,51,1.59,1198),(414,414,3,160,137,56,1.28,868),(415,415,4,162,160,59,0.72,634),(416,416,3,185,143,65,0.88,566),(417,417,2,177,121,59,1.49,992),(418,418,4,168,159,67,1.25,894),(419,419,4,197,139,66,1.27,883),(420,420,4,182,153,70,1.98,1500),(421,421,3,180,162,62,1.35,1203),(422,422,4,160,145,50,1.65,1316),(423,423,4,180,126,50,1.84,1159),(424,424,1,186,157,64,1.28,995),(425,425,2,165,149,50,1.86,1247),(426,426,3,195,161,55,0.62,499),(427,427,1,187,124,74,1.51,927),(428,428,3,176,130,62,0.69,444),(429,429,1,199,120,50,1.93,1042),(430,430,2,162,153,54,1.54,1060),(431,431,1,171,120,58,1.74,940),(432,432,3,198,138,74,1.43,1085),(433,433,4,171,121,66,0.94,569),(434,434,4,161,140,65,0.51,393),(435,435,2,181,139,57,1.06,663),(436,436,3,182,142,66,1.43,914),(437,437,3,189,140,64,1.01,700),(438,438,3,164,143,73,1.39,994),(439,439,2,168,123,50,1.8,1218),(440,440,4,180,131,61,1.14,739),(441,441,1,170,141,54,1.98,1396),(442,442,2,164,139,73,1.04,795),(443,443,1,194,137,55,1.8,1356),(444,444,4,186,120,74,1.58,948),(445,445,2,161,149,50,1.22,900),(446,446,4,183,152,74,1.4,1170),(447,447,1,190,143,50,1.21,952),(448,448,3,192,133,59,0.66,395),(449,449,3,198,155,59,1.2,921),(450,450,1,189,124,52,0.88,491),(451,451,3,196,130,66,0.69,448),(452,452,1,187,143,68,0.77,545),(453,453,2,190,150,60,0.76,627),(454,454,2,170,132,67,0.85,555),(455,455,2,182,135,51,1.2,729),(456,456,3,161,143,58,1.7,1203),(457,457,4,199,132,73,1.35,882),(458,458,3,186,143,66,1.88,1479),(459,459,3,194,145,63,1.25,997),(460,460,4,161,121,53,0.88,586),(461,461,4,198,135,66,1.24,753),(462,462,4,196,157,66,1.31,926),(463,463,4,180,165,61,1.13,1025),(464,464,3,164,120,69,1.47,873),(465,465,1,180,168,67,1.25,1155),(466,466,2,188,130,52,1.31,937),(467,467,1,179,154,60,1.46,1012),(468,468,3,197,162,74,0.83,740),(469,469,4,179,148,67,1.17,779),(470,470,2,184,156,53,1.18,920),(471,471,2,161,136,66,1.41,1055),(472,472,1,191,158,67,1.31,931),(473,473,3,185,161,54,1.62,1304),(474,474,3,165,147,63,0.7,463),(475,475,3,162,148,59,1.33,886),(476,476,2,192,162,64,1.82,1622),(477,477,1,160,122,50,1.09,658),(478,478,2,164,129,65,0.86,499),(479,479,2,172,161,60,1.21,964),(480,480,4,178,133,72,0.97,710),(481,481,1,171,131,69,0.97,699),(482,482,4,184,166,55,1.05,959),(483,483,3,194,161,73,0.91,725),(484,484,2,171,149,71,1.34,898),(485,485,1,189,151,65,1.54,1151),(486,486,3,164,151,51,1.66,1379),(487,487,1,193,161,50,1.36,1084),(488,488,2,181,151,73,0.74,615),(489,489,1,198,145,73,1.1,718),(490,490,3,172,120,58,1.07,642),(491,491,4,162,161,71,1.27,920),(492,492,2,179,121,61,1.41,768),(493,493,4,190,136,66,1.7,1144),(494,494,2,164,149,74,1.06,711),(495,495,3,183,158,64,0.84,730),(496,496,2,199,126,68,0.66,412),(497,497,4,192,146,71,1.29,932),(498,498,2,167,128,59,1.87,1185),(499,499,3,183,141,61,1.22,946),(500,500,2,179,153,63,1.28,881),(501,501,4,175,165,58,1.38,1025),(502,502,3,171,168,62,1.08,907),(503,503,4,172,120,52,1.3,780),(504,504,2,198,128,70,0.87,612),(505,505,1,184,139,63,0.61,382),(506,506,4,191,138,70,1.48,1011),(507,507,2,183,155,59,1.08,753),(508,508,1,168,159,65,1.44,1133),(509,509,1,199,164,56,0.81,731),(510,510,3,182,123,53,0.97,597),(511,511,1,172,128,69,1.37,868),(512,512,4,191,160,72,1.96,1725),(513,513,4,174,141,74,1.85,1304),(514,514,1,195,137,60,1.98,1492),(515,515,2,164,131,65,1.41,831),(516,516,4,181,161,69,0.85,684),(517,517,4,175,162,53,1.28,933),(518,518,3,169,158,71,1.38,1199),(519,519,2,183,128,71,1.66,1169),(520,520,1,177,125,72,0.93,639),(521,521,2,177,138,66,1.42,980),(522,522,3,166,167,62,1.29,1066),(523,523,3,163,166,60,1.1,913),(524,524,2,185,126,52,1.37,777),(525,525,3,164,135,58,1.02,757),(526,526,3,175,124,55,0.9,558),(527,527,3,194,135,71,0.52,386),(528,528,2,185,120,70,1.34,796),(529,529,3,177,156,60,1.29,1107),(530,530,1,188,158,65,1.68,1314),(531,531,1,182,138,68,1.74,1321),(532,532,4,173,156,54,1.37,962),(533,533,1,174,136,63,0.61,415),(534,534,4,192,145,66,1.15,834),(535,535,2,184,141,52,1.01,705),(536,536,3,180,127,53,0.72,453),(537,537,1,176,152,65,1.77,1332),(538,538,4,182,121,65,1.46,883),(539,539,2,176,149,70,1.9,1401),(540,540,4,173,166,74,1.45,1204),(541,541,3,188,139,53,1.27,794),(542,542,1,179,137,68,1.13,851),(543,543,2,189,162,66,1.83,1467),(544,544,4,178,129,62,1.1,710),(545,545,2,198,143,71,1.03,810),(546,546,4,172,123,72,1.48,910),(547,547,4,177,156,73,1.17,1004),(548,548,3,182,123,50,1.34,907),(549,549,3,192,132,61,1.37,904),(550,550,4,198,144,53,1.36,969),(551,551,1,199,132,60,1.25,825),(552,552,2,177,137,54,1.27,957),(553,553,2,168,143,51,0.92,592),(554,554,3,192,121,66,1.17,637),(555,555,1,191,167,57,1.02,937),(556,556,4,176,152,55,1.4,958),(557,557,3,178,138,70,0.61,463),(558,558,4,186,128,58,1.91,1345),(559,559,4,165,147,62,1.16,844),(560,560,3,194,154,60,0.97,672),(561,561,1,196,158,65,1.08,768),(562,562,2,193,129,65,1.37,972),(563,563,3,179,120,51,1.04,686),(564,564,1,184,161,59,1.42,1143),(565,565,4,163,140,61,0.77,593),(566,566,3,169,128,57,0.67,472),(567,567,2,169,166,60,1.29,1071),(568,568,2,183,134,59,1.32,876),(569,569,4,180,154,62,1.14,878),(570,570,3,170,124,74,0.54,331),(571,571,2,186,160,66,1.34,1072),(572,572,3,175,141,56,1.36,949),(573,573,2,185,160,73,1.87,1646),(574,574,4,189,142,52,1.45,927),(575,575,4,175,126,69,1.35,842),(576,576,3,166,142,62,1.26,895),(577,577,1,175,163,68,1.03,831),(578,578,1,194,144,56,1.23,886),(579,579,4,175,146,58,1.29,848),(580,580,2,199,160,68,1.27,1016),(581,581,1,171,125,62,1.03,644),(582,582,4,194,153,71,1.08,818),(583,583,2,180,128,57,1.36,957),(584,584,2,195,168,71,1.47,1111),(585,585,1,176,152,67,1.56,1186),(586,586,4,191,125,72,1.38,776),(587,587,2,165,156,51,0.68,525),(588,588,2,183,150,67,1.83,1510),(589,589,3,186,153,67,1.01,850),(590,590,3,179,160,60,1.24,1091),(591,591,1,184,148,50,1.14,759),(592,592,3,161,133,63,1.76,1053),(593,593,4,168,155,65,1.41,983),(594,594,1,187,155,60,0.69,529),(595,595,1,197,134,50,0.89,656),(596,596,3,162,127,56,1.83,1150),(597,597,2,179,145,65,1.25,906),(598,598,4,165,155,63,1.06,822),(599,599,4,198,167,64,1.03,946),(600,600,4,192,140,63,1.46,1022),(601,601,1,160,147,70,1.14,830),(602,602,4,196,123,60,1.87,1139),(603,603,2,165,135,65,1.36,826),(604,604,2,193,141,68,0.84,651),(605,605,3,174,131,66,0.54,354),(606,606,4,185,135,55,1.78,1322),(607,607,1,173,159,60,1.03,737),(608,608,3,166,157,66,0.59,463),(609,609,2,190,161,58,1.67,1344),(610,610,4,183,156,67,1.81,1398),(611,611,2,190,148,66,1.73,1408),(612,612,3,188,137,61,1.71,1171),(613,613,2,191,129,72,1.25,806),(614,614,4,176,161,71,1.42,1257),(615,615,4,173,158,71,1.06,921),(616,616,3,199,137,54,1.75,1319),(617,617,4,195,120,60,1.19,714),(618,618,2,183,158,53,1.29,1009),(619,619,2,186,140,53,1.4,1078),(620,620,1,184,120,52,0.55,330),(621,621,1,191,134,73,1.19,789),(622,622,1,177,123,72,1.52,1028),(623,623,2,177,139,74,1.97,1355),(624,624,2,196,129,66,0.76,441),(625,625,3,185,142,56,0.89,632),(626,626,1,168,160,53,0.95,684),(627,627,2,194,153,72,1.17,806),(628,628,3,167,165,62,1.67,1240),(629,629,2,179,167,61,1.12,935),(630,630,3,181,152,50,1.18,807),(631,631,1,178,153,70,1.7,1287),(632,632,1,189,158,68,1.48,1158),(633,633,1,187,129,70,1.28,743),(634,634,2,194,139,69,1.3,894),(635,635,2,170,120,67,1.26,748),(636,636,3,190,132,60,1.13,746),(637,637,4,198,120,69,1.15,759),(638,638,4,195,124,52,1.38,847),(639,639,1,189,135,66,1.58,1173),(640,640,4,182,134,61,1.46,1076),(641,641,1,178,168,59,1.06,881),(642,642,3,171,147,57,1.41,933),(643,643,4,174,150,64,1.08,810),(644,644,4,190,142,54,0.75,479),(645,645,1,196,167,53,0.72,661),(646,646,3,196,164,70,1.28,1050),(647,647,4,174,162,69,1.88,1675),(648,648,4,188,136,68,0.52,350),(649,649,4,185,168,70,1.27,1173),(650,650,3,161,153,53,1.8,1515),(651,651,3,179,132,64,0.51,303),(652,652,4,174,133,66,1.47,978),(653,653,1,163,130,61,1.17,753),(654,654,1,181,147,52,1.29,948),(655,655,4,197,161,59,1.3,1151),(656,656,3,182,151,64,1.38,938),(657,657,4,185,154,59,1.1,847),(658,658,3,170,150,73,1.31,1081),(659,659,4,187,136,72,0.82,502),(660,660,3,161,166,67,1.1,904),(661,661,2,167,128,50,1.17,749),(662,662,1,188,129,52,1.34,856),(663,663,2,170,127,70,1.13,789),(664,664,1,196,140,61,1.88,1184),(665,665,3,177,132,50,0.71,422),(666,666,2,173,169,52,1.12,937),(667,667,1,169,124,52,1.5,837),(668,668,4,194,125,54,0.97,606),(669,669,3,168,149,68,1.72,1410),(670,670,3,194,150,74,1.6,1320),(671,671,4,170,136,50,1.45,887),(672,672,4,171,130,53,1.38,987),(673,673,1,162,139,53,1.42,1086),(674,674,3,198,167,66,1.51,1248),(675,675,1,173,128,63,1,640),(676,676,4,187,121,67,1.32,719),(677,677,3,170,156,50,1.02,875),(678,678,4,198,120,71,1.27,762),(679,679,1,184,123,65,1.13,688),(680,680,1,180,155,52,1.41,983),(681,681,1,169,144,72,1.48,1172),(682,682,3,174,122,70,1.38,926),(683,683,4,178,128,58,0.99,634),(684,684,4,181,141,72,1.18,915),(685,685,1,180,142,53,1.21,859),(686,686,1,191,131,70,1.17,766),(687,687,1,182,129,54,1.13,802),(688,688,1,172,153,60,1.46,1229),(689,689,2,164,162,70,1.02,826),(690,690,2,163,129,58,1.37,972),(691,691,2,187,149,52,1.2,983),(692,692,1,173,141,55,1.14,796),(693,693,1,167,125,73,1.98,1225),(694,694,4,168,169,60,1.14,954),(695,695,3,194,121,58,1.67,909),(696,696,4,196,149,64,1.19,798),(697,697,2,180,121,72,1.13,752),(698,698,4,177,151,52,1.37,1024),(699,699,1,192,161,50,1.24,988),(700,700,2,167,135,69,1.11,674),(701,701,2,176,131,71,1.14,821),(702,702,3,190,120,68,1.2,720),(703,703,3,193,127,63,1.07,679),(704,704,2,165,167,66,1.37,1144),(705,705,2,181,169,71,1.42,1188),(706,706,4,173,132,63,0.8,475),(707,707,2,162,134,66,1.18,870),(708,708,1,171,163,74,0.85,693),(709,709,4,195,127,63,1.45,1013),(710,710,1,171,129,61,1.29,749),(711,711,1,161,165,65,1.34,1216),(712,712,1,161,124,50,1.8,1116),(713,713,2,174,169,62,1.9,1766),(714,714,3,182,138,55,1.35,1025),(715,715,3,188,166,66,1.29,1060),(716,716,1,176,157,61,1,777),(717,717,2,191,130,72,1.07,626),(718,718,4,166,162,68,0.54,394),(719,719,1,189,139,55,1.38,950),(720,720,4,187,139,56,1.71,1188),(721,721,4,173,140,50,1.36,942),(722,722,2,189,137,50,1.36,1025),(723,723,2,176,169,54,1.27,966),(724,724,3,191,129,55,1.36,868),(725,725,3,165,153,65,1.44,1091),(726,726,2,183,145,74,0.89,581),(727,727,1,165,149,65,1.26,929),(728,728,3,186,128,63,0.58,408),(729,729,4,177,165,50,2,1634),(730,730,1,183,150,62,0.57,423),(731,731,4,196,161,69,1.02,821),(732,732,2,183,123,59,1.38,849),(733,733,4,197,125,73,1.61,906),(734,734,1,193,133,59,1.06,775),(735,735,2,199,123,58,1.41,954),(736,736,1,174,145,62,1.76,1276),(737,737,4,170,166,52,1.75,1598),(738,738,1,181,167,67,1.36,1249),(739,739,2,183,158,69,1.81,1573),(740,740,4,160,136,51,1.06,714),(741,741,4,177,138,66,1.36,938),(742,742,3,171,168,68,0.97,733),(743,743,3,187,125,72,0.51,319),(744,744,1,199,148,62,1.17,952),(745,745,3,166,130,62,1.41,916),(746,746,3,182,135,50,1.49,1006),(747,747,3,180,149,51,1.16,951),(748,748,3,193,144,50,1.45,1148),(749,749,2,170,159,73,0.75,537),(750,750,2,181,130,54,1.49,968),(751,751,3,194,126,73,1.02,643),(752,752,1,188,145,52,1.36,986),(753,753,2,187,141,56,1.32,1024),(754,754,3,177,144,73,1.52,985),(755,755,2,173,138,71,0.55,380),(756,756,4,177,150,62,0.63,468),(757,757,2,187,145,72,0.91,660),(758,758,2,183,161,67,0.93,741),(759,759,1,167,160,73,0.79,695),(760,760,2,167,155,70,1.51,1159),(761,761,1,163,142,56,1.11,709),(762,762,4,186,166,50,0.93,695),(763,763,3,195,132,54,1.49,1082),(764,764,1,164,144,66,1.19,857),(765,765,2,192,121,57,1.45,877),(766,766,2,193,121,64,0.84,559),(767,767,1,189,135,69,1.47,982),(768,768,4,167,128,53,1.46,841),(769,769,3,198,147,51,0.55,445),(770,770,2,185,132,54,1.64,1082),(771,771,4,196,154,50,0.76,585),(772,772,3,193,160,74,1.29,1032),(773,773,3,166,132,54,1.48,977),(774,774,2,199,150,55,0.9,668),(775,775,1,187,140,51,1.79,1378),(776,776,2,198,151,50,1.08,807),(777,777,2,198,153,53,1.22,924),(778,778,2,187,127,56,1.72,1092),(779,779,4,173,160,71,1.03,742),(780,780,1,197,167,50,1.66,1372),(781,781,4,163,121,50,1.37,829),(782,782,2,177,157,57,1.48,1046),(783,783,1,184,151,69,0.89,672),(784,784,3,166,159,65,1.29,1015),(785,785,1,197,147,70,1.9,1536),(786,786,2,187,156,62,1.31,1012),(787,787,1,164,160,72,1.34,965),(788,788,3,162,120,73,0.66,436),(789,789,3,190,160,72,1.47,1294),(790,790,1,179,129,67,1.01,645),(791,791,3,178,123,69,1.77,1197),(792,792,4,170,154,59,1.35,1143),(793,793,1,199,129,61,0.71,504),(794,794,3,162,166,50,0.79,590),(795,795,3,182,130,59,0.74,433),(796,796,1,166,133,58,0.91,666),(797,797,4,182,157,52,0.56,484),(798,798,1,166,131,68,1.93,1138),(799,799,3,193,164,58,1.42,1164),(800,800,1,178,136,59,1.11,747),(801,801,3,168,135,68,0.6,446),(802,802,2,177,154,65,1.76,1491),(803,803,1,184,121,73,1.33,885),(804,804,1,173,130,67,0.87,566),(805,805,3,184,160,63,1.41,1241),(806,806,3,178,122,52,1.19,719),(807,807,3,198,148,51,0.53,388),(808,808,3,174,137,50,1.39,1047),(809,809,1,175,139,67,1.17,732),(810,810,3,186,166,73,1.08,807),(811,811,1,199,133,58,1.67,999),(812,812,4,169,153,62,1.62,1363),(813,813,1,163,168,51,1.38,1148),(814,814,3,178,150,56,1.13,847),(815,815,3,187,159,65,1.09,858),(816,816,4,180,161,70,1.26,1116),(817,817,1,173,137,68,1.42,875),(818,818,4,192,149,74,1.07,717),(819,819,1,169,144,64,1.33,958),(820,820,3,178,138,71,1.78,1228),(821,821,1,189,127,60,1.23,859),(822,822,3,181,147,50,1.22,888),(823,823,3,162,127,70,1.19,756),(824,824,2,196,150,56,0.96,792),(825,825,2,177,122,69,1.08,659),(826,826,1,170,122,57,0.74,406),(827,827,3,161,163,59,1.1,986),(828,828,4,171,141,54,1.12,711),(829,829,3,165,136,58,1.35,1010),(830,830,4,199,155,74,1.47,1128),(831,831,1,188,136,74,1.94,1451),(832,832,1,189,133,50,1.76,1159),(833,833,4,161,128,51,1.63,1043),(834,834,4,168,149,68,1.24,915),(835,835,3,161,140,63,1.05,662),(836,836,1,188,131,69,1.69,996),(837,837,3,192,156,59,1.37,1069),(838,838,4,169,151,58,0.99,673),(839,839,2,193,130,59,1.21,779),(840,840,2,167,139,55,1.15,879),(841,841,2,196,154,66,1.76,1220),(842,842,4,192,166,74,1.22,911),(843,843,3,165,165,55,1.32,1198),(844,844,1,199,130,53,0.74,481),(845,845,4,178,127,69,1,698),(846,846,2,191,123,52,1.8,1107),(847,847,3,186,146,72,1,803),(848,848,1,160,163,68,1.03,756),(849,849,1,192,159,67,1.99,1582),(850,850,4,199,157,73,0.71,552),(851,851,4,191,166,53,1.34,1001),(852,852,1,164,149,57,1.34,898),(853,853,1,176,163,66,1.15,1031),(854,854,2,167,167,54,1.07,893),(855,855,1,193,167,62,1.06,876),(856,856,4,168,146,74,1.1,795),(857,857,3,182,140,50,0.72,454),(858,858,2,194,139,62,1.77,1107),(859,859,2,166,123,53,1.04,576),(860,860,1,174,130,71,0.74,433),(861,861,3,179,132,73,1.38,911),(862,862,2,184,128,63,1.35,864),(863,863,4,162,123,52,1.01,621),(864,864,1,183,131,54,1.7,1102),(865,865,4,193,128,56,1.94,1242),(866,866,1,181,132,50,1.3,944),(867,867,2,170,167,72,1.65,1378),(868,868,1,167,145,61,0.82,594),(869,869,3,198,157,60,0.77,598),(870,870,4,194,161,73,1.28,927),(871,871,3,197,132,57,1.87,1234),(872,872,4,167,158,74,1.18,1025),(873,873,4,196,147,55,0.68,500),(874,874,1,186,138,71,1.03,711),(875,875,2,187,143,51,1.5,965),(876,876,2,199,138,68,0.91,691),(877,877,3,193,168,69,1.59,1336),(878,878,1,191,132,69,1.88,1117),(879,879,2,174,132,73,1.07,706),(880,880,4,176,147,63,1.65,1213),(881,881,4,192,121,50,1.49,992),(882,882,1,175,129,59,1.85,1181),(883,883,3,188,141,65,1.03,726),(884,884,1,168,132,53,1.33,878),(885,885,3,192,128,60,1.03,725),(886,886,1,188,152,65,1.58,1189),(887,887,4,172,133,69,1.22,811),(888,888,1,180,167,50,0.77,637),(889,889,2,180,139,65,0.76,475),(890,890,2,164,134,68,1.29,951),(891,891,1,169,151,70,1.09,815),(892,892,3,165,152,71,1.32,1104),(893,893,3,172,136,58,1.72,1287),(894,894,4,160,143,58,0.73,470),(895,895,4,179,149,58,1.15,942),(896,896,3,167,132,66,0.68,494),(897,897,1,169,166,61,1.83,1519),(898,898,4,168,167,74,1.63,1497),(899,899,3,162,135,62,1.28,950),(900,900,3,170,121,57,1.46,883),(901,901,1,171,136,65,0.66,494),(902,902,2,169,151,67,1.05,713),(903,903,3,184,162,50,1.65,1336),(904,904,4,184,127,50,1.38,876),(905,905,1,170,122,61,0.94,573),(906,906,1,195,131,55,1.42,921),(907,907,1,198,139,58,1.88,1307),(908,908,2,185,135,72,0.96,713),(909,909,2,173,133,54,0.75,549),(910,910,4,198,135,65,1.32,980),(911,911,4,199,168,67,1.93,1783),(912,912,1,160,162,66,0.79,634),(913,913,4,163,168,67,0.77,640),(914,914,3,189,152,50,1.19,895),(915,915,2,171,149,68,0.72,531),(916,916,1,194,131,71,1.05,681),(917,917,1,172,134,57,1.24,914),(918,918,3,190,137,52,1.26,863),(919,919,3,197,147,74,1.13,831),(920,920,3,182,142,54,1.15,816),(921,921,3,163,133,72,1.56,1027),(922,922,1,175,149,57,1.31,976),(923,923,2,166,152,68,1.66,1135),(924,924,2,181,164,67,1.02,753),(925,925,3,188,134,67,0.94,693),(926,926,4,170,126,70,1.13,705),(927,927,1,192,134,50,0.89,656),(928,928,2,188,161,64,1.31,1044),(929,929,3,198,165,67,0.95,784),(930,930,4,171,157,74,0.61,479),(931,931,4,166,165,56,1.97,1463),(932,932,3,198,163,65,1.14,836),(933,933,1,185,130,65,1.72,1230),(934,934,2,199,148,64,0.76,557),(935,935,4,168,150,55,1.3,965),(936,936,2,193,144,58,1.01,727),(937,937,2,172,143,56,1.04,736),(938,938,4,195,138,63,1.34,1017),(939,939,3,184,121,60,0.85,514),(940,940,4,183,141,70,0.57,402),(941,941,4,176,139,65,1.18,812),(942,942,1,161,152,74,1.32,1104),(943,943,2,172,127,55,1.77,1113),(944,944,3,190,144,71,1.99,1418),(945,945,2,188,165,65,1.38,1127),(946,946,4,187,128,69,1.02,718),(947,947,3,186,153,65,1.05,723),(948,948,3,174,142,61,1.2,852),(949,949,3,190,124,66,1.91,1066),(950,950,3,199,144,54,1.21,862),(951,951,1,174,127,74,1.39,883),(952,952,3,192,135,62,1.14,762),(953,953,4,179,167,57,1.2,992),(954,954,1,171,164,73,1.03,760),(955,955,4,196,134,54,1.96,1445),(956,956,4,168,120,61,1.24,818),(957,957,2,182,141,58,1.32,838),(958,958,3,167,122,52,1.83,1005),(959,959,3,191,157,52,0.81,636),(960,960,4,173,133,50,1.16,764),(961,961,3,186,155,74,1.17,907),(962,962,1,184,137,71,1.02,699),(963,963,2,172,166,67,1.57,1290),(964,964,3,180,160,73,1.39,1001),(965,965,3,190,137,61,1.99,1227),(966,966,1,196,122,58,0.58,354),(967,967,2,164,129,58,1.87,1327),(968,968,1,172,168,67,1.12,1035),(969,969,4,187,158,67,1.57,1364),(970,970,4,184,166,56,1.38,1260),(971,971,3,194,120,53,1.72,929),(972,972,2,198,146,62,1.1,883),(973,973,4,166,146,66,0.75,542);
/*!40000 ALTER TABLE `WorkoutSession` ENABLE KEYS */;
UNLOCK TABLES;

--
-- Table structure for table `WorkoutType`
--

DROP TABLE IF EXISTS `WorkoutType`;
/*!40101 SET @saved_cs_client     = @@character_set_client */;
/*!50503 SET character_set_client = utf8mb4 */;
CREATE TABLE `WorkoutType` (
  `Workout_Type_id` int NOT NULL,
  `Workout_Type` varchar(15) NOT NULL,
  PRIMARY KEY (`Workout_Type_id`)
) ENGINE=InnoDB DEFAULT CHARSET=utf8mb3;
/*!40101 SET character_set_client = @saved_cs_client */;

--
-- Dumping data for table `WorkoutType`
--

LOCK TABLES `WorkoutType` WRITE;
/*!40000 ALTER TABLE `WorkoutType` DISABLE KEYS */;
INSERT INTO `WorkoutType` VALUES (1,'Yoga'),(2,'HIIT'),(3,'Cardio'),(4,'Strength');
/*!40000 ALTER TABLE `WorkoutType` ENABLE KEYS */;
UNLOCK TABLES;
/*!40103 SET TIME_ZONE=@OLD_TIME_ZONE */;

/*!40101 SET SQL_MODE=@OLD_SQL_MODE */;
/*!40014 SET FOREIGN_KEY_CHECKS=@OLD_FOREIGN_KEY_CHECKS */;
/*!40014 SET UNIQUE_CHECKS=@OLD_UNIQUE_CHECKS */;
/*!40101 SET CHARACTER_SET_CLIENT=@OLD_CHARACTER_SET_CLIENT */;
/*!40101 SET CHARACTER_SET_RESULTS=@OLD_CHARACTER_SET_RESULTS */;
/*!40101 SET COLLATION_CONNECTION=@OLD_COLLATION_CONNECTION */;
/*!40111 SET SQL_NOTES=@OLD_SQL_NOTES */;

-- Dump completed on 2025-12-14 13:59:13
